agents,map_file,solver,solved,soc,lb_soc,makespan,lb_makespan,comp_time,Opti_Deadline,Scenario_File
20,warehouse-10-20-10-2-1.map,PIBT,1,1727,1604,162,162,3,0,warehouse-10-20-10-2-1-random-16.scen
20,warehouse-10-20-10-2-1.map,PIBT,1,1690,1604,170,162,4,1,warehouse-10-20-10-2-1-random-16.scen
20,warehouse-10-20-10-2-1.map,PIBT,1,1690,1604,170,162,5,4,warehouse-10-20-10-2-1-random-16.scen
20,warehouse-10-20-10-2-1.map,PIBT,1,1690,1604,170,162,3,16,warehouse-10-20-10-2-1-random-16.scen
20,warehouse-10-20-10-2-1.map,PIBT,1,1690,1604,170,162,3,64,warehouse-10-20-10-2-1-random-16.scen
20,warehouse-10-20-10-2-1.map,PIBT,1,1690,1604,170,162,4,256,warehouse-10-20-10-2-1-random-16.scen
20,warehouse-10-20-10-2-1.map,PIBTOLD,1,1727,1604,162,162,3,0,warehouse-10-20-10-2-1-random-16.scen
60,warehouse-10-20-10-2-1.map,PIBT,1,6061,5198,192,185,10,0,warehouse-10-20-10-2-1-random-16.scen
60,warehouse-10-20-10-2-1.map,PIBT,0,5909,5198,100000,185,2820,1,warehouse-10-20-10-2-1-random-16.scen
60,warehouse-10-20-10-2-1.map,PIBT,0,5909,5198,100000,185,2852,4,warehouse-10-20-10-2-1-random-16.scen
60,warehouse-10-20-10-2-1.map,PIBT,0,5909,5198,100000,185,2868,16,warehouse-10-20-10-2-1-random-16.scen
60,warehouse-10-20-10-2-1.map,PIBT,0,5909,5198,100000,185,2849,64,warehouse-10-20-10-2-1-random-16.scen
60,warehouse-10-20-10-2-1.map,PIBT,0,5909,5198,100000,185,2868,256,warehouse-10-20-10-2-1-random-16.scen
60,warehouse-10-20-10-2-1.map,PIBTOLD,1,6061,5198,192,185,9,0,warehouse-10-20-10-2-1-random-16.scen
100,warehouse-10-20-10-2-1.map,PIBT,0,410642,8626,100000,185,3999,0,warehouse-10-20-10-2-1-random-16.scen
100,warehouse-10-20-10-2-1.map,PIBT,0,209851,8626,100000,185,4925,1,warehouse-10-20-10-2-1-random-16.scen
100,warehouse-10-20-10-2-1.map,PIBT,0,209851,8626,100000,185,5028,4,warehouse-10-20-10-2-1-random-16.scen
100,warehouse-10-20-10-2-1.map,PIBT,0,209851,8626,100000,185,4969,16,warehouse-10-20-10-2-1-random-16.scen
100,warehouse-10-20-10-2-1.map,PIBT,0,209851,8626,100000,185,5012,64,warehouse-10-20-10-2-1-random-16.scen
100,warehouse-10-20-10-2-1.map,PIBT,0,209851,8626,100000,185,5045,256,warehouse-10-20-10-2-1-random-16.scen
100,warehouse-10-20-10-2-1.map,PIBTOLD,0,410642,8626,100000,185,3076,0,warehouse-10-20-10-2-1-random-16.scen
140,warehouse-10-20-10-2-1.map,PIBT,0,815517,12220,100000,185,5624,0,warehouse-10-20-10-2-1-random-16.scen
140,warehouse-10-20-10-2-1.map,PIBT,0,215436,12220,100000,185,7288,1,warehouse-10-20-10-2-1-random-16.scen
140,warehouse-10-20-10-2-1.map,PIBT,0,215436,12220,100000,185,7401,4,warehouse-10-20-10-2-1-random-16.scen
140,warehouse-10-20-10-2-1.map,PIBT,0,215436,12220,100000,185,7185,16,warehouse-10-20-10-2-1-random-16.scen
140,warehouse-10-20-10-2-1.map,PIBT,0,215436,12220,100000,185,7311,64,warehouse-10-20-10-2-1-random-16.scen
140,warehouse-10-20-10-2-1.map,PIBT,0,215436,12220,100000,185,7240,256,warehouse-10-20-10-2-1-random-16.scen
140,warehouse-10-20-10-2-1.map,PIBTOLD,0,815517,12220,100000,185,3825,0,warehouse-10-20-10-2-1-random-16.scen
180,warehouse-10-20-10-2-1.map,PIBT,0,920025,14852,100000,185,7368,0,warehouse-10-20-10-2-1-random-16.scen
180,warehouse-10-20-10-2-1.map,PIBT,0,419990,14852,100000,185,8538,1,warehouse-10-20-10-2-1-random-16.scen
180,warehouse-10-20-10-2-1.map,PIBT,0,419990,14852,100000,185,8509,4,warehouse-10-20-10-2-1-random-16.scen
180,warehouse-10-20-10-2-1.map,PIBT,0,419990,14852,100000,185,8338,16,warehouse-10-20-10-2-1-random-16.scen
180,warehouse-10-20-10-2-1.map,PIBT,0,419990,14852,100000,185,8552,64,warehouse-10-20-10-2-1-random-16.scen
180,warehouse-10-20-10-2-1.map,PIBT,0,419990,14852,100000,185,8460,256,warehouse-10-20-10-2-1-random-16.scen
180,warehouse-10-20-10-2-1.map,PIBTOLD,0,920025,14852,100000,185,4578,0,warehouse-10-20-10-2-1-random-16.scen
20,warehouse-10-20-10-2-1.map,PIBT,1,1727,1604,162,162,3,0,warehouse-10-20-10-2-1-random-17.scen
20,warehouse-10-20-10-2-1.map,PIBT,1,1690,1604,170,162,5,1,warehouse-10-20-10-2-1-random-17.scen
20,warehouse-10-20-10-2-1.map,PIBT,1,1690,1604,170,162,4,4,warehouse-10-20-10-2-1-random-17.scen
20,warehouse-10-20-10-2-1.map,PIBT,1,1690,1604,170,162,4,16,warehouse-10-20-10-2-1-random-17.scen
20,warehouse-10-20-10-2-1.map,PIBT,1,1690,1604,170,162,4,64,warehouse-10-20-10-2-1-random-17.scen
20,warehouse-10-20-10-2-1.map,PIBT,1,1690,1604,170,162,4,256,warehouse-10-20-10-2-1-random-17.scen
20,warehouse-10-20-10-2-1.map,PIBTOLD,1,1727,1604,162,162,4,0,warehouse-10-20-10-2-1-random-17.scen
60,warehouse-10-20-10-2-1.map,PIBT,1,6061,5198,192,185,10,0,warehouse-10-20-10-2-1-random-17.scen
60,warehouse-10-20-10-2-1.map,PIBT,0,5909,5198,100000,185,2720,1,warehouse-10-20-10-2-1-random-17.scen
60,warehouse-10-20-10-2-1.map,PIBT,0,5909,5198,100000,185,2672,4,warehouse-10-20-10-2-1-random-17.scen
60,warehouse-10-20-10-2-1.map,PIBT,0,5909,5198,100000,185,2807,16,warehouse-10-20-10-2-1-random-17.scen
60,warehouse-10-20-10-2-1.map,PIBT,0,5909,5198,100000,185,2816,64,warehouse-10-20-10-2-1-random-17.scen
60,warehouse-10-20-10-2-1.map,PIBT,0,5909,5198,100000,185,2864,256,warehouse-10-20-10-2-1-random-17.scen
60,warehouse-10-20-10-2-1.map,PIBTOLD,1,6061,5198,192,185,9,0,warehouse-10-20-10-2-1-random-17.scen
100,warehouse-10-20-10-2-1.map,PIBT,0,410642,8626,100000,185,3916,0,warehouse-10-20-10-2-1-random-17.scen
100,warehouse-10-20-10-2-1.map,PIBT,0,209851,8626,100000,185,5035,1,warehouse-10-20-10-2-1-random-17.scen
100,warehouse-10-20-10-2-1.map,PIBT,0,209851,8626,100000,185,4956,4,warehouse-10-20-10-2-1-random-17.scen
100,warehouse-10-20-10-2-1.map,PIBT,0,209851,8626,100000,185,4861,16,warehouse-10-20-10-2-1-random-17.scen
100,warehouse-10-20-10-2-1.map,PIBT,0,209851,8626,100000,185,4980,64,warehouse-10-20-10-2-1-random-17.scen
100,warehouse-10-20-10-2-1.map,PIBT,0,209851,8626,100000,185,4998,256,warehouse-10-20-10-2-1-random-17.scen
100,warehouse-10-20-10-2-1.map,PIBTOLD,0,410642,8626,100000,185,3193,0,warehouse-10-20-10-2-1-random-17.scen
140,warehouse-10-20-10-2-1.map,PIBT,0,815517,12220,100000,185,5678,0,warehouse-10-20-10-2-1-random-17.scen
140,warehouse-10-20-10-2-1.map,PIBT,0,215436,12220,100000,185,7542,1,warehouse-10-20-10-2-1-random-17.scen
140,warehouse-10-20-10-2-1.map,PIBT,0,215436,12220,100000,185,7528,4,warehouse-10-20-10-2-1-random-17.scen
140,warehouse-10-20-10-2-1.map,PIBT,0,215436,12220,100000,185,7267,16,warehouse-10-20-10-2-1-random-17.scen
140,warehouse-10-20-10-2-1.map,PIBT,0,215436,12220,100000,185,7311,64,warehouse-10-20-10-2-1-random-17.scen
140,warehouse-10-20-10-2-1.map,PIBT,0,215436,12220,100000,185,7249,256,warehouse-10-20-10-2-1-random-17.scen
140,warehouse-10-20-10-2-1.map,PIBTOLD,0,815517,12220,100000,185,3657,0,warehouse-10-20-10-2-1-random-17.scen
180,warehouse-10-20-10-2-1.map,PIBT,0,920025,14852,100000,185,7431,0,warehouse-10-20-10-2-1-random-17.scen
180,warehouse-10-20-10-2-1.map,PIBT,0,419990,14852,100000,185,8522,1,warehouse-10-20-10-2-1-random-17.scen
180,warehouse-10-20-10-2-1.map,PIBT,0,419990,14852,100000,185,8725,4,warehouse-10-20-10-2-1-random-17.scen
180,warehouse-10-20-10-2-1.map,PIBT,0,419990,14852,100000,185,8409,16,warehouse-10-20-10-2-1-random-17.scen
180,warehouse-10-20-10-2-1.map,PIBT,0,419990,14852,100000,185,8474,64,warehouse-10-20-10-2-1-random-17.scen
180,warehouse-10-20-10-2-1.map,PIBT,0,419990,14852,100000,185,8451,256,warehouse-10-20-10-2-1-random-17.scen
180,warehouse-10-20-10-2-1.map,PIBTOLD,0,920025,14852,100000,185,4863,0,warehouse-10-20-10-2-1-random-17.scen
20,warehouse-10-20-10-2-1.map,PIBT,1,1727,1604,162,162,3,0,warehouse-10-20-10-2-1-random-9.scen
20,warehouse-10-20-10-2-1.map,PIBT,1,1690,1604,170,162,4,1,warehouse-10-20-10-2-1-random-9.scen
20,warehouse-10-20-10-2-1.map,PIBT,1,1690,1604,170,162,4,4,warehouse-10-20-10-2-1-random-9.scen
20,warehouse-10-20-10-2-1.map,PIBT,1,1690,1604,170,162,4,16,warehouse-10-20-10-2-1-random-9.scen
20,warehouse-10-20-10-2-1.map,PIBT,1,1690,1604,170,162,4,64,warehouse-10-20-10-2-1-random-9.scen
20,warehouse-10-20-10-2-1.map,PIBT,1,1690,1604,170,162,4,256,warehouse-10-20-10-2-1-random-9.scen
20,warehouse-10-20-10-2-1.map,PIBTOLD,1,1727,1604,162,162,3,0,warehouse-10-20-10-2-1-random-9.scen
60,warehouse-10-20-10-2-1.map,PIBT,1,6061,5198,192,185,10,0,warehouse-10-20-10-2-1-random-9.scen
60,warehouse-10-20-10-2-1.map,PIBT,0,5909,5198,100000,185,2842,1,warehouse-10-20-10-2-1-random-9.scen
60,warehouse-10-20-10-2-1.map,PIBT,0,5909,5198,100000,185,2887,4,warehouse-10-20-10-2-1-random-9.scen
60,warehouse-10-20-10-2-1.map,PIBT,0,5909,5198,100000,185,2864,16,warehouse-10-20-10-2-1-random-9.scen
60,warehouse-10-20-10-2-1.map,PIBT,0,5909,5198,100000,185,2772,64,warehouse-10-20-10-2-1-random-9.scen
60,warehouse-10-20-10-2-1.map,PIBT,0,5909,5198,100000,185,2870,256,warehouse-10-20-10-2-1-random-9.scen
60,warehouse-10-20-10-2-1.map,PIBTOLD,1,6061,5198,192,185,9,0,warehouse-10-20-10-2-1-random-9.scen
100,warehouse-10-20-10-2-1.map,PIBT,0,410642,8626,100000,185,3923,0,warehouse-10-20-10-2-1-random-9.scen
100,warehouse-10-20-10-2-1.map,PIBT,0,209851,8626,100000,185,5020,1,warehouse-10-20-10-2-1-random-9.scen
100,warehouse-10-20-10-2-1.map,PIBT,0,209851,8626,100000,185,4963,4,warehouse-10-20-10-2-1-random-9.scen
100,warehouse-10-20-10-2-1.map,PIBT,0,209851,8626,100000,185,4992,16,warehouse-10-20-10-2-1-random-9.scen
100,warehouse-10-20-10-2-1.map,PIBT,0,209851,8626,100000,185,4980,64,warehouse-10-20-10-2-1-random-9.scen
100,warehouse-10-20-10-2-1.map,PIBT,0,209851,8626,100000,185,4986,256,warehouse-10-20-10-2-1-random-9.scen
100,warehouse-10-20-10-2-1.map,PIBTOLD,0,410642,8626,100000,185,3047,0,warehouse-10-20-10-2-1-random-9.scen
140,warehouse-10-20-10-2-1.map,PIBT,0,815517,12220,100000,185,5695,0,warehouse-10-20-10-2-1-random-9.scen
140,warehouse-10-20-10-2-1.map,PIBT,0,215436,12220,100000,185,7306,1,warehouse-10-20-10-2-1-random-9.scen
140,warehouse-10-20-10-2-1.map,PIBT,0,215436,12220,100000,185,7426,4,warehouse-10-20-10-2-1-random-9.scen
140,warehouse-10-20-10-2-1.map,PIBT,0,215436,12220,100000,185,7265,16,warehouse-10-20-10-2-1-random-9.scen
140,warehouse-10-20-10-2-1.map,PIBT,0,215436,12220,100000,185,7256,64,warehouse-10-20-10-2-1-random-9.scen
140,warehouse-10-20-10-2-1.map,PIBT,0,215436,12220,100000,185,7339,256,warehouse-10-20-10-2-1-random-9.scen
140,warehouse-10-20-10-2-1.map,PIBTOLD,0,815517,12220,100000,185,3681,0,warehouse-10-20-10-2-1-random-9.scen
180,warehouse-10-20-10-2-1.map,PIBT,0,920025,14852,100000,185,7466,0,warehouse-10-20-10-2-1-random-9.scen
180,warehouse-10-20-10-2-1.map,PIBT,0,419990,14852,100000,185,8566,1,warehouse-10-20-10-2-1-random-9.scen
180,warehouse-10-20-10-2-1.map,PIBT,0,419990,14852,100000,185,8515,4,warehouse-10-20-10-2-1-random-9.scen
180,warehouse-10-20-10-2-1.map,PIBT,0,419990,14852,100000,185,8480,16,warehouse-10-20-10-2-1-random-9.scen
180,warehouse-10-20-10-2-1.map,PIBT,0,419990,14852,100000,185,8455,64,warehouse-10-20-10-2-1-random-9.scen
180,warehouse-10-20-10-2-1.map,PIBT,0,419990,14852,100000,185,8509,256,warehouse-10-20-10-2-1-random-9.scen
180,warehouse-10-20-10-2-1.map,PIBTOLD,0,920025,14852,100000,185,4576,0,warehouse-10-20-10-2-1-random-9.scen
20,warehouse-10-20-10-2-1.map,PIBT,1,1727,1604,162,162,3,0,warehouse-10-20-10-2-1-random-15.scen
20,warehouse-10-20-10-2-1.map,PIBT,1,1690,1604,170,162,4,1,warehouse-10-20-10-2-1-random-15.scen
20,warehouse-10-20-10-2-1.map,PIBT,1,1690,1604,170,162,4,4,warehouse-10-20-10-2-1-random-15.scen
20,warehouse-10-20-10-2-1.map,PIBT,1,1690,1604,170,162,4,16,warehouse-10-20-10-2-1-random-15.scen
20,warehouse-10-20-10-2-1.map,PIBT,1,1690,1604,170,162,4,64,warehouse-10-20-10-2-1-random-15.scen
20,warehouse-10-20-10-2-1.map,PIBT,1,1690,1604,170,162,4,256,warehouse-10-20-10-2-1-random-15.scen
20,warehouse-10-20-10-2-1.map,PIBTOLD,1,1727,1604,162,162,3,0,warehouse-10-20-10-2-1-random-15.scen
60,warehouse-10-20-10-2-1.map,PIBT,1,6061,5198,192,185,10,0,warehouse-10-20-10-2-1-random-15.scen
60,warehouse-10-20-10-2-1.map,PIBT,0,5909,5198,100000,185,2735,1,warehouse-10-20-10-2-1-random-15.scen
60,warehouse-10-20-10-2-1.map,PIBT,0,5909,5198,100000,185,2741,4,warehouse-10-20-10-2-1-random-15.scen
60,warehouse-10-20-10-2-1.map,PIBT,0,5909,5198,100000,185,2715,16,warehouse-10-20-10-2-1-random-15.scen
60,warehouse-10-20-10-2-1.map,PIBT,0,5909,5198,100000,185,2720,64,warehouse-10-20-10-2-1-random-15.scen
60,warehouse-10-20-10-2-1.map,PIBT,0,5909,5198,100000,185,2763,256,warehouse-10-20-10-2-1-random-15.scen
60,warehouse-10-20-10-2-1.map,PIBTOLD,1,6061,5198,192,185,9,0,warehouse-10-20-10-2-1-random-15.scen
100,warehouse-10-20-10-2-1.map,PIBT,0,410642,8626,100000,185,3943,0,warehouse-10-20-10-2-1-random-15.scen
100,warehouse-10-20-10-2-1.map,PIBT,0,209851,8626,100000,185,4935,1,warehouse-10-20-10-2-1-random-15.scen
100,warehouse-10-20-10-2-1.map,PIBT,0,209851,8626,100000,185,4907,4,warehouse-10-20-10-2-1-random-15.scen
100,warehouse-10-20-10-2-1.map,PIBT,0,209851,8626,100000,185,4966,16,warehouse-10-20-10-2-1-random-15.scen
100,warehouse-10-20-10-2-1.map,PIBT,0,209851,8626,100000,185,4934,64,warehouse-10-20-10-2-1-random-15.scen
100,warehouse-10-20-10-2-1.map,PIBT,0,209851,8626,100000,185,4953,256,warehouse-10-20-10-2-1-random-15.scen
100,warehouse-10-20-10-2-1.map,PIBTOLD,0,410642,8626,100000,185,2896,0,warehouse-10-20-10-2-1-random-15.scen
140,warehouse-10-20-10-2-1.map,PIBT,0,815517,12220,100000,185,5975,0,warehouse-10-20-10-2-1-random-15.scen
140,warehouse-10-20-10-2-1.map,PIBT,0,215436,12220,100000,185,7322,1,warehouse-10-20-10-2-1-random-15.scen
140,warehouse-10-20-10-2-1.map,PIBT,0,215436,12220,100000,185,7334,4,warehouse-10-20-10-2-1-random-15.scen
140,warehouse-10-20-10-2-1.map,PIBT,0,215436,12220,100000,185,7305,16,warehouse-10-20-10-2-1-random-15.scen
140,warehouse-10-20-10-2-1.map,PIBT,0,215436,12220,100000,185,7350,64,warehouse-10-20-10-2-1-random-15.scen
140,warehouse-10-20-10-2-1.map,PIBT,0,215436,12220,100000,185,7387,256,warehouse-10-20-10-2-1-random-15.scen
140,warehouse-10-20-10-2-1.map,PIBTOLD,0,815517,12220,100000,185,4045,0,warehouse-10-20-10-2-1-random-15.scen
180,warehouse-10-20-10-2-1.map,PIBT,0,920025,14852,100000,185,7543,0,warehouse-10-20-10-2-1-random-15.scen
180,warehouse-10-20-10-2-1.map,PIBT,0,419990,14852,100000,185,8667,1,warehouse-10-20-10-2-1-random-15.scen
180,warehouse-10-20-10-2-1.map,PIBT,0,419990,14852,100000,185,8694,4,warehouse-10-20-10-2-1-random-15.scen
180,warehouse-10-20-10-2-1.map,PIBT,0,419990,14852,100000,185,8575,16,warehouse-10-20-10-2-1-random-15.scen
180,warehouse-10-20-10-2-1.map,PIBT,0,419990,14852,100000,185,8434,64,warehouse-10-20-10-2-1-random-15.scen
180,warehouse-10-20-10-2-1.map,PIBT,0,419990,14852,100000,185,8696,256,warehouse-10-20-10-2-1-random-15.scen
180,warehouse-10-20-10-2-1.map,PIBTOLD,0,920025,14852,100000,185,4644,0,warehouse-10-20-10-2-1-random-15.scen
20,warehouse-10-20-10-2-1.map,PIBT,1,1727,1604,162,162,4,0,warehouse-10-20-10-2-1-random-12.scen
20,warehouse-10-20-10-2-1.map,PIBT,1,1690,1604,170,162,4,1,warehouse-10-20-10-2-1-random-12.scen
20,warehouse-10-20-10-2-1.map,PIBT,1,1690,1604,170,162,4,4,warehouse-10-20-10-2-1-random-12.scen
20,warehouse-10-20-10-2-1.map,PIBT,1,1690,1604,170,162,4,16,warehouse-10-20-10-2-1-random-12.scen
20,warehouse-10-20-10-2-1.map,PIBT,1,1690,1604,170,162,3,64,warehouse-10-20-10-2-1-random-12.scen
20,warehouse-10-20-10-2-1.map,PIBT,1,1690,1604,170,162,4,256,warehouse-10-20-10-2-1-random-12.scen
20,warehouse-10-20-10-2-1.map,PIBTOLD,1,1727,1604,162,162,4,0,warehouse-10-20-10-2-1-random-12.scen
60,warehouse-10-20-10-2-1.map,PIBT,1,6061,5198,192,185,10,0,warehouse-10-20-10-2-1-random-12.scen
60,warehouse-10-20-10-2-1.map,PIBT,0,5909,5198,100000,185,2822,1,warehouse-10-20-10-2-1-random-12.scen
60,warehouse-10-20-10-2-1.map,PIBT,0,5909,5198,100000,185,2837,4,warehouse-10-20-10-2-1-random-12.scen
60,warehouse-10-20-10-2-1.map,PIBT,0,5909,5198,100000,185,2786,16,warehouse-10-20-10-2-1-random-12.scen
60,warehouse-10-20-10-2-1.map,PIBT,0,5909,5198,100000,185,2965,64,warehouse-10-20-10-2-1-random-12.scen
60,warehouse-10-20-10-2-1.map,PIBT,0,5909,5198,100000,185,2756,256,warehouse-10-20-10-2-1-random-12.scen
60,warehouse-10-20-10-2-1.map,PIBTOLD,1,6061,5198,192,185,9,0,warehouse-10-20-10-2-1-random-12.scen
100,warehouse-10-20-10-2-1.map,PIBT,0,410642,8626,100000,185,3973,0,warehouse-10-20-10-2-1-random-12.scen
100,warehouse-10-20-10-2-1.map,PIBT,0,209851,8626,100000,185,5080,1,warehouse-10-20-10-2-1-random-12.scen
100,warehouse-10-20-10-2-1.map,PIBT,0,209851,8626,100000,185,5014,4,warehouse-10-20-10-2-1-random-12.scen
100,warehouse-10-20-10-2-1.map,PIBT,0,209851,8626,100000,185,4983,16,warehouse-10-20-10-2-1-random-12.scen
100,warehouse-10-20-10-2-1.map,PIBT,0,209851,8626,100000,185,5074,64,warehouse-10-20-10-2-1-random-12.scen
100,warehouse-10-20-10-2-1.map,PIBT,0,209851,8626,100000,185,4968,256,warehouse-10-20-10-2-1-random-12.scen
100,warehouse-10-20-10-2-1.map,PIBTOLD,0,410642,8626,100000,185,3009,0,warehouse-10-20-10-2-1-random-12.scen
140,warehouse-10-20-10-2-1.map,PIBT,0,815517,12220,100000,185,5612,0,warehouse-10-20-10-2-1-random-12.scen
140,warehouse-10-20-10-2-1.map,PIBT,0,215436,12220,100000,185,7397,1,warehouse-10-20-10-2-1-random-12.scen
140,warehouse-10-20-10-2-1.map,PIBT,0,215436,12220,100000,185,7265,4,warehouse-10-20-10-2-1-random-12.scen
140,warehouse-10-20-10-2-1.map,PIBT,0,215436,12220,100000,185,7392,16,warehouse-10-20-10-2-1-random-12.scen
140,warehouse-10-20-10-2-1.map,PIBT,0,215436,12220,100000,185,7293,64,warehouse-10-20-10-2-1-random-12.scen
140,warehouse-10-20-10-2-1.map,PIBT,0,215436,12220,100000,185,7737,256,warehouse-10-20-10-2-1-random-12.scen
140,warehouse-10-20-10-2-1.map,PIBTOLD,0,815517,12220,100000,185,3908,0,warehouse-10-20-10-2-1-random-12.scen
180,warehouse-10-20-10-2-1.map,PIBT,0,920025,14852,100000,185,7557,0,warehouse-10-20-10-2-1-random-12.scen
180,warehouse-10-20-10-2-1.map,PIBT,0,419990,14852,100000,185,8722,1,warehouse-10-20-10-2-1-random-12.scen
180,warehouse-10-20-10-2-1.map,PIBT,0,419990,14852,100000,185,8417,4,warehouse-10-20-10-2-1-random-12.scen
180,warehouse-10-20-10-2-1.map,PIBT,0,419990,14852,100000,185,8620,16,warehouse-10-20-10-2-1-random-12.scen
180,warehouse-10-20-10-2-1.map,PIBT,0,419990,14852,100000,185,8425,64,warehouse-10-20-10-2-1-random-12.scen
180,warehouse-10-20-10-2-1.map,PIBT,0,419990,14852,100000,185,8481,256,warehouse-10-20-10-2-1-random-12.scen
180,warehouse-10-20-10-2-1.map,PIBTOLD,0,920025,14852,100000,185,4652,0,warehouse-10-20-10-2-1-random-12.scen
20,warehouse-10-20-10-2-1.map,PIBT,1,1727,1604,162,162,3,0,warehouse-10-20-10-2-1-random-13.scen
20,warehouse-10-20-10-2-1.map,PIBT,1,1690,1604,170,162,4,1,warehouse-10-20-10-2-1-random-13.scen
20,warehouse-10-20-10-2-1.map,PIBT,1,1690,1604,170,162,3,4,warehouse-10-20-10-2-1-random-13.scen
20,warehouse-10-20-10-2-1.map,PIBT,1,1690,1604,170,162,4,16,warehouse-10-20-10-2-1-random-13.scen
20,warehouse-10-20-10-2-1.map,PIBT,1,1690,1604,170,162,4,64,warehouse-10-20-10-2-1-random-13.scen
20,warehouse-10-20-10-2-1.map,PIBT,1,1690,1604,170,162,4,256,warehouse-10-20-10-2-1-random-13.scen
20,warehouse-10-20-10-2-1.map,PIBTOLD,1,1727,1604,162,162,3,0,warehouse-10-20-10-2-1-random-13.scen
60,warehouse-10-20-10-2-1.map,PIBT,1,6061,5198,192,185,10,0,warehouse-10-20-10-2-1-random-13.scen
60,warehouse-10-20-10-2-1.map,PIBT,0,5909,5198,100000,185,2885,1,warehouse-10-20-10-2-1-random-13.scen
60,warehouse-10-20-10-2-1.map,PIBT,0,5909,5198,100000,185,2943,4,warehouse-10-20-10-2-1-random-13.scen
60,warehouse-10-20-10-2-1.map,PIBT,0,5909,5198,100000,185,3033,16,warehouse-10-20-10-2-1-random-13.scen
60,warehouse-10-20-10-2-1.map,PIBT,0,5909,5198,100000,185,2908,64,warehouse-10-20-10-2-1-random-13.scen
60,warehouse-10-20-10-2-1.map,PIBT,0,5909,5198,100000,185,2763,256,warehouse-10-20-10-2-1-random-13.scen
60,warehouse-10-20-10-2-1.map,PIBTOLD,1,6061,5198,192,185,9,0,warehouse-10-20-10-2-1-random-13.scen
100,warehouse-10-20-10-2-1.map,PIBT,0,410642,8626,100000,185,4010,0,warehouse-10-20-10-2-1-random-13.scen
100,warehouse-10-20-10-2-1.map,PIBT,0,209851,8626,100000,185,4997,1,warehouse-10-20-10-2-1-random-13.scen
100,warehouse-10-20-10-2-1.map,PIBT,0,209851,8626,100000,185,5019,4,warehouse-10-20-10-2-1-random-13.scen
100,warehouse-10-20-10-2-1.map,PIBT,0,209851,8626,100000,185,4981,16,warehouse-10-20-10-2-1-random-13.scen
100,warehouse-10-20-10-2-1.map,PIBT,0,209851,8626,100000,185,4973,64,warehouse-10-20-10-2-1-random-13.scen
100,warehouse-10-20-10-2-1.map,PIBT,0,209851,8626,100000,185,4951,256,warehouse-10-20-10-2-1-random-13.scen
100,warehouse-10-20-10-2-1.map,PIBTOLD,0,410642,8626,100000,185,3021,0,warehouse-10-20-10-2-1-random-13.scen
140,warehouse-10-20-10-2-1.map,PIBT,0,815517,12220,100000,185,5945,0,warehouse-10-20-10-2-1-random-13.scen
140,warehouse-10-20-10-2-1.map,PIBT,0,215436,12220,100000,185,7455,1,warehouse-10-20-10-2-1-random-13.scen
140,warehouse-10-20-10-2-1.map,PIBT,0,215436,12220,100000,185,7253,4,warehouse-10-20-10-2-1-random-13.scen
140,warehouse-10-20-10-2-1.map,PIBT,0,215436,12220,100000,185,7614,16,warehouse-10-20-10-2-1-random-13.scen
140,warehouse-10-20-10-2-1.map,PIBT,0,215436,12220,100000,185,7377,64,warehouse-10-20-10-2-1-random-13.scen
140,warehouse-10-20-10-2-1.map,PIBT,0,215436,12220,100000,185,7203,256,warehouse-10-20-10-2-1-random-13.scen
140,warehouse-10-20-10-2-1.map,PIBTOLD,0,815517,12220,100000,185,3995,0,warehouse-10-20-10-2-1-random-13.scen
180,warehouse-10-20-10-2-1.map,PIBT,0,920025,14852,100000,185,7519,0,warehouse-10-20-10-2-1-random-13.scen
180,warehouse-10-20-10-2-1.map,PIBT,0,419990,14852,100000,185,8501,1,warehouse-10-20-10-2-1-random-13.scen
180,warehouse-10-20-10-2-1.map,PIBT,0,419990,14852,100000,185,8641,4,warehouse-10-20-10-2-1-random-13.scen
180,warehouse-10-20-10-2-1.map,PIBT,0,419990,14852,100000,185,8480,16,warehouse-10-20-10-2-1-random-13.scen
180,warehouse-10-20-10-2-1.map,PIBT,0,419990,14852,100000,185,8463,64,warehouse-10-20-10-2-1-random-13.scen
180,warehouse-10-20-10-2-1.map,PIBT,0,419990,14852,100000,185,8458,256,warehouse-10-20-10-2-1-random-13.scen
180,warehouse-10-20-10-2-1.map,PIBTOLD,0,920025,14852,100000,185,4706,0,warehouse-10-20-10-2-1-random-13.scen
20,warehouse-10-20-10-2-1.map,PIBT,1,1727,1604,162,162,3,0,warehouse-10-20-10-2-1-random-24.scen
20,warehouse-10-20-10-2-1.map,PIBT,1,1690,1604,170,162,3,1,warehouse-10-20-10-2-1-random-24.scen
20,warehouse-10-20-10-2-1.map,PIBT,1,1690,1604,170,162,4,4,warehouse-10-20-10-2-1-random-24.scen
20,warehouse-10-20-10-2-1.map,PIBT,1,1690,1604,170,162,3,16,warehouse-10-20-10-2-1-random-24.scen
20,warehouse-10-20-10-2-1.map,PIBT,1,1690,1604,170,162,4,64,warehouse-10-20-10-2-1-random-24.scen
20,warehouse-10-20-10-2-1.map,PIBT,1,1690,1604,170,162,4,256,warehouse-10-20-10-2-1-random-24.scen
20,warehouse-10-20-10-2-1.map,PIBTOLD,1,1727,1604,162,162,3,0,warehouse-10-20-10-2-1-random-24.scen
60,warehouse-10-20-10-2-1.map,PIBT,1,6061,5198,192,185,10,0,warehouse-10-20-10-2-1-random-24.scen
60,warehouse-10-20-10-2-1.map,PIBT,0,5909,5198,100000,185,2878,1,warehouse-10-20-10-2-1-random-24.scen
60,warehouse-10-20-10-2-1.map,PIBT,0,5909,5198,100000,185,2883,4,warehouse-10-20-10-2-1-random-24.scen
60,warehouse-10-20-10-2-1.map,PIBT,0,5909,5198,100000,185,2962,16,warehouse-10-20-10-2-1-random-24.scen
60,warehouse-10-20-10-2-1.map,PIBT,0,5909,5198,100000,185,2743,64,warehouse-10-20-10-2-1-random-24.scen
60,warehouse-10-20-10-2-1.map,PIBT,0,5909,5198,100000,185,2911,256,warehouse-10-20-10-2-1-random-24.scen
60,warehouse-10-20-10-2-1.map,PIBTOLD,1,6061,5198,192,185,9,0,warehouse-10-20-10-2-1-random-24.scen
100,warehouse-10-20-10-2-1.map,PIBT,0,410642,8626,100000,185,3978,0,warehouse-10-20-10-2-1-random-24.scen
100,warehouse-10-20-10-2-1.map,PIBT,0,209851,8626,100000,185,4941,1,warehouse-10-20-10-2-1-random-24.scen
100,warehouse-10-20-10-2-1.map,PIBT,0,209851,8626,100000,185,5007,4,warehouse-10-20-10-2-1-random-24.scen
100,warehouse-10-20-10-2-1.map,PIBT,0,209851,8626,100000,185,4913,16,warehouse-10-20-10-2-1-random-24.scen
100,warehouse-10-20-10-2-1.map,PIBT,0,209851,8626,100000,185,4897,64,warehouse-10-20-10-2-1-random-24.scen
100,warehouse-10-20-10-2-1.map,PIBT,0,209851,8626,100000,185,5082,256,warehouse-10-20-10-2-1-random-24.scen
100,warehouse-10-20-10-2-1.map,PIBTOLD,0,410642,8626,100000,185,2982,0,warehouse-10-20-10-2-1-random-24.scen
140,warehouse-10-20-10-2-1.map,PIBT,0,815517,12220,100000,185,5734,0,warehouse-10-20-10-2-1-random-24.scen
140,warehouse-10-20-10-2-1.map,PIBT,0,215436,12220,100000,185,7303,1,warehouse-10-20-10-2-1-random-24.scen
140,warehouse-10-20-10-2-1.map,PIBT,0,215436,12220,100000,185,7494,4,warehouse-10-20-10-2-1-random-24.scen
140,warehouse-10-20-10-2-1.map,PIBT,0,215436,12220,100000,185,7319,16,warehouse-10-20-10-2-1-random-24.scen
140,warehouse-10-20-10-2-1.map,PIBT,0,215436,12220,100000,185,7304,64,warehouse-10-20-10-2-1-random-24.scen
140,warehouse-10-20-10-2-1.map,PIBT,0,215436,12220,100000,185,7201,256,warehouse-10-20-10-2-1-random-24.scen
140,warehouse-10-20-10-2-1.map,PIBTOLD,0,815517,12220,100000,185,3847,0,warehouse-10-20-10-2-1-random-24.scen
180,warehouse-10-20-10-2-1.map,PIBT,0,920025,14852,100000,185,7609,0,warehouse-10-20-10-2-1-random-24.scen
180,warehouse-10-20-10-2-1.map,PIBT,0,419990,14852,100000,185,8611,1,warehouse-10-20-10-2-1-random-24.scen
180,warehouse-10-20-10-2-1.map,PIBT,0,419990,14852,100000,185,8613,4,warehouse-10-20-10-2-1-random-24.scen
180,warehouse-10-20-10-2-1.map,PIBT,0,419990,14852,100000,185,8474,16,warehouse-10-20-10-2-1-random-24.scen
180,warehouse-10-20-10-2-1.map,PIBT,0,419990,14852,100000,185,8467,64,warehouse-10-20-10-2-1-random-24.scen
180,warehouse-10-20-10-2-1.map,PIBT,0,419990,14852,100000,185,8519,256,warehouse-10-20-10-2-1-random-24.scen
180,warehouse-10-20-10-2-1.map,PIBTOLD,0,920025,14852,100000,185,4643,0,warehouse-10-20-10-2-1-random-24.scen
20,warehouse-10-20-10-2-1.map,PIBT,1,1727,1604,162,162,3,0,warehouse-10-20-10-2-1-random-22.scen
20,warehouse-10-20-10-2-1.map,PIBT,1,1690,1604,170,162,4,1,warehouse-10-20-10-2-1-random-22.scen
20,warehouse-10-20-10-2-1.map,PIBT,1,1690,1604,170,162,4,4,warehouse-10-20-10-2-1-random-22.scen
20,warehouse-10-20-10-2-1.map,PIBT,1,1690,1604,170,162,4,16,warehouse-10-20-10-2-1-random-22.scen
20,warehouse-10-20-10-2-1.map,PIBT,1,1690,1604,170,162,3,64,warehouse-10-20-10-2-1-random-22.scen
20,warehouse-10-20-10-2-1.map,PIBT,1,1690,1604,170,162,4,256,warehouse-10-20-10-2-1-random-22.scen
20,warehouse-10-20-10-2-1.map,PIBTOLD,1,1727,1604,162,162,3,0,warehouse-10-20-10-2-1-random-22.scen
60,warehouse-10-20-10-2-1.map,PIBT,1,6061,5198,192,185,10,0,warehouse-10-20-10-2-1-random-22.scen
60,warehouse-10-20-10-2-1.map,PIBT,0,5909,5198,100000,185,2800,1,warehouse-10-20-10-2-1-random-22.scen
60,warehouse-10-20-10-2-1.map,PIBT,0,5909,5198,100000,185,2729,4,warehouse-10-20-10-2-1-random-22.scen
60,warehouse-10-20-10-2-1.map,PIBT,0,5909,5198,100000,185,2699,16,warehouse-10-20-10-2-1-random-22.scen
60,warehouse-10-20-10-2-1.map,PIBT,0,5909,5198,100000,185,2796,64,warehouse-10-20-10-2-1-random-22.scen
60,warehouse-10-20-10-2-1.map,PIBT,0,5909,5198,100000,185,2831,256,warehouse-10-20-10-2-1-random-22.scen
60,warehouse-10-20-10-2-1.map,PIBTOLD,1,6061,5198,192,185,9,0,warehouse-10-20-10-2-1-random-22.scen
100,warehouse-10-20-10-2-1.map,PIBT,0,410642,8626,100000,185,3935,0,warehouse-10-20-10-2-1-random-22.scen
100,warehouse-10-20-10-2-1.map,PIBT,0,209851,8626,100000,185,5097,1,warehouse-10-20-10-2-1-random-22.scen
100,warehouse-10-20-10-2-1.map,PIBT,0,209851,8626,100000,185,5069,4,warehouse-10-20-10-2-1-random-22.scen
100,warehouse-10-20-10-2-1.map,PIBT,0,209851,8626,100000,185,5326,16,warehouse-10-20-10-2-1-random-22.scen
100,warehouse-10-20-10-2-1.map,PIBT,0,209851,8626,100000,185,5070,64,warehouse-10-20-10-2-1-random-22.scen
100,warehouse-10-20-10-2-1.map,PIBT,0,209851,8626,100000,185,5039,256,warehouse-10-20-10-2-1-random-22.scen
100,warehouse-10-20-10-2-1.map,PIBTOLD,0,410642,8626,100000,185,3016,0,warehouse-10-20-10-2-1-random-22.scen
140,warehouse-10-20-10-2-1.map,PIBT,0,815517,12220,100000,185,5705,0,warehouse-10-20-10-2-1-random-22.scen
140,warehouse-10-20-10-2-1.map,PIBT,0,215436,12220,100000,185,7479,1,warehouse-10-20-10-2-1-random-22.scen
140,warehouse-10-20-10-2-1.map,PIBT,0,215436,12220,100000,185,7239,4,warehouse-10-20-10-2-1-random-22.scen
140,warehouse-10-20-10-2-1.map,PIBT,0,215436,12220,100000,185,7280,16,warehouse-10-20-10-2-1-random-22.scen
140,warehouse-10-20-10-2-1.map,PIBT,0,215436,12220,100000,185,7517,64,warehouse-10-20-10-2-1-random-22.scen
140,warehouse-10-20-10-2-1.map,PIBT,0,215436,12220,100000,185,7344,256,warehouse-10-20-10-2-1-random-22.scen
140,warehouse-10-20-10-2-1.map,PIBTOLD,0,815517,12220,100000,185,3879,0,warehouse-10-20-10-2-1-random-22.scen
180,warehouse-10-20-10-2-1.map,PIBT,0,920025,14852,100000,185,7412,0,warehouse-10-20-10-2-1-random-22.scen
180,warehouse-10-20-10-2-1.map,PIBT,0,419990,14852,100000,185,8840,1,warehouse-10-20-10-2-1-random-22.scen
180,warehouse-10-20-10-2-1.map,PIBT,0,419990,14852,100000,185,8441,4,warehouse-10-20-10-2-1-random-22.scen
180,warehouse-10-20-10-2-1.map,PIBT,0,419990,14852,100000,185,8721,16,warehouse-10-20-10-2-1-random-22.scen
180,warehouse-10-20-10-2-1.map,PIBT,0,419990,14852,100000,185,8845,64,warehouse-10-20-10-2-1-random-22.scen
180,warehouse-10-20-10-2-1.map,PIBT,0,419990,14852,100000,185,8604,256,warehouse-10-20-10-2-1-random-22.scen
180,warehouse-10-20-10-2-1.map,PIBTOLD,0,920025,14852,100000,185,4776,0,warehouse-10-20-10-2-1-random-22.scen
20,warehouse-10-20-10-2-1.map,PIBT,1,1727,1604,162,162,4,0,warehouse-10-20-10-2-1-random-21.scen
20,warehouse-10-20-10-2-1.map,PIBT,1,1690,1604,170,162,4,1,warehouse-10-20-10-2-1-random-21.scen
20,warehouse-10-20-10-2-1.map,PIBT,1,1690,1604,170,162,4,4,warehouse-10-20-10-2-1-random-21.scen
20,warehouse-10-20-10-2-1.map,PIBT,1,1690,1604,170,162,4,16,warehouse-10-20-10-2-1-random-21.scen
20,warehouse-10-20-10-2-1.map,PIBT,1,1690,1604,170,162,3,64,warehouse-10-20-10-2-1-random-21.scen
20,warehouse-10-20-10-2-1.map,PIBT,1,1690,1604,170,162,4,256,warehouse-10-20-10-2-1-random-21.scen
20,warehouse-10-20-10-2-1.map,PIBTOLD,1,1727,1604,162,162,3,0,warehouse-10-20-10-2-1-random-21.scen
60,warehouse-10-20-10-2-1.map,PIBT,1,6061,5198,192,185,11,0,warehouse-10-20-10-2-1-random-21.scen
60,warehouse-10-20-10-2-1.map,PIBT,0,5909,5198,100000,185,2857,1,warehouse-10-20-10-2-1-random-21.scen
60,warehouse-10-20-10-2-1.map,PIBT,0,5909,5198,100000,185,2995,4,warehouse-10-20-10-2-1-random-21.scen
60,warehouse-10-20-10-2-1.map,PIBT,0,5909,5198,100000,185,2805,16,warehouse-10-20-10-2-1-random-21.scen
60,warehouse-10-20-10-2-1.map,PIBT,0,5909,5198,100000,185,2771,64,warehouse-10-20-10-2-1-random-21.scen
60,warehouse-10-20-10-2-1.map,PIBT,0,5909,5198,100000,185,2883,256,warehouse-10-20-10-2-1-random-21.scen
60,warehouse-10-20-10-2-1.map,PIBTOLD,1,6061,5198,192,185,9,0,warehouse-10-20-10-2-1-random-21.scen
100,warehouse-10-20-10-2-1.map,PIBT,0,410642,8626,100000,185,4033,0,warehouse-10-20-10-2-1-random-21.scen
100,warehouse-10-20-10-2-1.map,PIBT,0,209851,8626,100000,185,5037,1,warehouse-10-20-10-2-1-random-21.scen
100,warehouse-10-20-10-2-1.map,PIBT,0,209851,8626,100000,185,5031,4,warehouse-10-20-10-2-1-random-21.scen
100,warehouse-10-20-10-2-1.map,PIBT,0,209851,8626,100000,185,5086,16,warehouse-10-20-10-2-1-random-21.scen
100,warehouse-10-20-10-2-1.map,PIBT,0,209851,8626,100000,185,4912,64,warehouse-10-20-10-2-1-random-21.scen
100,warehouse-10-20-10-2-1.map,PIBT,0,209851,8626,100000,185,4990,256,warehouse-10-20-10-2-1-random-21.scen
100,warehouse-10-20-10-2-1.map,PIBTOLD,0,410642,8626,100000,185,2998,0,warehouse-10-20-10-2-1-random-21.scen
140,warehouse-10-20-10-2-1.map,PIBT,0,815517,12220,100000,185,5778,0,warehouse-10-20-10-2-1-random-21.scen
140,warehouse-10-20-10-2-1.map,PIBT,0,215436,12220,100000,185,7330,1,warehouse-10-20-10-2-1-random-21.scen
140,warehouse-10-20-10-2-1.map,PIBT,0,215436,12220,100000,185,7286,4,warehouse-10-20-10-2-1-random-21.scen
140,warehouse-10-20-10-2-1.map,PIBT,0,215436,12220,100000,185,7334,16,warehouse-10-20-10-2-1-random-21.scen
140,warehouse-10-20-10-2-1.map,PIBT,0,215436,12220,100000,185,7268,64,warehouse-10-20-10-2-1-random-21.scen
140,warehouse-10-20-10-2-1.map,PIBT,0,215436,12220,100000,185,7306,256,warehouse-10-20-10-2-1-random-21.scen
140,warehouse-10-20-10-2-1.map,PIBTOLD,0,815517,12220,100000,185,3832,0,warehouse-10-20-10-2-1-random-21.scen
180,warehouse-10-20-10-2-1.map,PIBT,0,920025,14852,100000,185,7415,0,warehouse-10-20-10-2-1-random-21.scen
180,warehouse-10-20-10-2-1.map,PIBT,0,419990,14852,100000,185,8667,1,warehouse-10-20-10-2-1-random-21.scen
180,warehouse-10-20-10-2-1.map,PIBT,0,419990,14852,100000,185,9066,4,warehouse-10-20-10-2-1-random-21.scen
180,warehouse-10-20-10-2-1.map,PIBT,0,419990,14852,100000,185,8443,16,warehouse-10-20-10-2-1-random-21.scen
180,warehouse-10-20-10-2-1.map,PIBT,0,419990,14852,100000,185,8573,64,warehouse-10-20-10-2-1-random-21.scen
180,warehouse-10-20-10-2-1.map,PIBT,0,419990,14852,100000,185,8699,256,warehouse-10-20-10-2-1-random-21.scen
180,warehouse-10-20-10-2-1.map,PIBTOLD,0,920025,14852,100000,185,4944,0,warehouse-10-20-10-2-1-random-21.scen
20,warehouse-10-20-10-2-1.map,PIBT,1,1727,1604,162,162,3,0,warehouse-10-20-10-2-1-random-14.scen
20,warehouse-10-20-10-2-1.map,PIBT,1,1690,1604,170,162,4,1,warehouse-10-20-10-2-1-random-14.scen
20,warehouse-10-20-10-2-1.map,PIBT,1,1690,1604,170,162,3,4,warehouse-10-20-10-2-1-random-14.scen
20,warehouse-10-20-10-2-1.map,PIBT,1,1690,1604,170,162,3,16,warehouse-10-20-10-2-1-random-14.scen
20,warehouse-10-20-10-2-1.map,PIBT,1,1690,1604,170,162,4,64,warehouse-10-20-10-2-1-random-14.scen
20,warehouse-10-20-10-2-1.map,PIBT,1,1690,1604,170,162,4,256,warehouse-10-20-10-2-1-random-14.scen
20,warehouse-10-20-10-2-1.map,PIBTOLD,1,1727,1604,162,162,3,0,warehouse-10-20-10-2-1-random-14.scen
60,warehouse-10-20-10-2-1.map,PIBT,1,6061,5198,192,185,10,0,warehouse-10-20-10-2-1-random-14.scen
60,warehouse-10-20-10-2-1.map,PIBT,0,5909,5198,100000,185,2695,1,warehouse-10-20-10-2-1-random-14.scen
60,warehouse-10-20-10-2-1.map,PIBT,0,5909,5198,100000,185,2811,4,warehouse-10-20-10-2-1-random-14.scen
60,warehouse-10-20-10-2-1.map,PIBT,0,5909,5198,100000,185,2811,16,warehouse-10-20-10-2-1-random-14.scen
60,warehouse-10-20-10-2-1.map,PIBT,0,5909,5198,100000,185,2847,64,warehouse-10-20-10-2-1-random-14.scen
60,warehouse-10-20-10-2-1.map,PIBT,0,5909,5198,100000,185,2806,256,warehouse-10-20-10-2-1-random-14.scen
60,warehouse-10-20-10-2-1.map,PIBTOLD,1,6061,5198,192,185,9,0,warehouse-10-20-10-2-1-random-14.scen
100,warehouse-10-20-10-2-1.map,PIBT,0,410642,8626,100000,185,3889,0,warehouse-10-20-10-2-1-random-14.scen
100,warehouse-10-20-10-2-1.map,PIBT,0,209851,8626,100000,185,4970,1,warehouse-10-20-10-2-1-random-14.scen
100,warehouse-10-20-10-2-1.map,PIBT,0,209851,8626,100000,185,4969,4,warehouse-10-20-10-2-1-random-14.scen
100,warehouse-10-20-10-2-1.map,PIBT,0,209851,8626,100000,185,4927,16,warehouse-10-20-10-2-1-random-14.scen
100,warehouse-10-20-10-2-1.map,PIBT,0,209851,8626,100000,185,4898,64,warehouse-10-20-10-2-1-random-14.scen
100,warehouse-10-20-10-2-1.map,PIBT,0,209851,8626,100000,185,5022,256,warehouse-10-20-10-2-1-random-14.scen
100,warehouse-10-20-10-2-1.map,PIBTOLD,0,410642,8626,100000,185,3258,0,warehouse-10-20-10-2-1-random-14.scen
140,warehouse-10-20-10-2-1.map,PIBT,0,815517,12220,100000,185,5682,0,warehouse-10-20-10-2-1-random-14.scen
140,warehouse-10-20-10-2-1.map,PIBT,0,215436,12220,100000,185,7295,1,warehouse-10-20-10-2-1-random-14.scen
140,warehouse-10-20-10-2-1.map,PIBT,0,215436,12220,100000,185,7271,4,warehouse-10-20-10-2-1-random-14.scen
140,warehouse-10-20-10-2-1.map,PIBT,0,215436,12220,100000,185,7326,16,warehouse-10-20-10-2-1-random-14.scen
140,warehouse-10-20-10-2-1.map,PIBT,0,215436,12220,100000,185,7194,64,warehouse-10-20-10-2-1-random-14.scen
140,warehouse-10-20-10-2-1.map,PIBT,0,215436,12220,100000,185,7252,256,warehouse-10-20-10-2-1-random-14.scen
140,warehouse-10-20-10-2-1.map,PIBTOLD,0,815517,12220,100000,185,3775,0,warehouse-10-20-10-2-1-random-14.scen
180,warehouse-10-20-10-2-1.map,PIBT,0,920025,14852,100000,185,7402,0,warehouse-10-20-10-2-1-random-14.scen
180,warehouse-10-20-10-2-1.map,PIBT,0,419990,14852,100000,185,8554,1,warehouse-10-20-10-2-1-random-14.scen
180,warehouse-10-20-10-2-1.map,PIBT,0,419990,14852,100000,185,8500,4,warehouse-10-20-10-2-1-random-14.scen
180,warehouse-10-20-10-2-1.map,PIBT,0,419990,14852,100000,185,8606,16,warehouse-10-20-10-2-1-random-14.scen
180,warehouse-10-20-10-2-1.map,PIBT,0,419990,14852,100000,185,8403,64,warehouse-10-20-10-2-1-random-14.scen
180,warehouse-10-20-10-2-1.map,PIBT,0,419990,14852,100000,185,8531,256,warehouse-10-20-10-2-1-random-14.scen
180,warehouse-10-20-10-2-1.map,PIBTOLD,0,920025,14852,100000,185,4687,0,warehouse-10-20-10-2-1-random-14.scen
20,warehouse-10-20-10-2-1.map,PIBT,1,1727,1604,162,162,3,0,warehouse-10-20-10-2-1-random-20.scen
20,warehouse-10-20-10-2-1.map,PIBT,1,1690,1604,170,162,4,1,warehouse-10-20-10-2-1-random-20.scen
20,warehouse-10-20-10-2-1.map,PIBT,1,1690,1604,170,162,4,4,warehouse-10-20-10-2-1-random-20.scen
20,warehouse-10-20-10-2-1.map,PIBT,1,1690,1604,170,162,4,16,warehouse-10-20-10-2-1-random-20.scen
20,warehouse-10-20-10-2-1.map,PIBT,1,1690,1604,170,162,4,64,warehouse-10-20-10-2-1-random-20.scen
20,warehouse-10-20-10-2-1.map,PIBT,1,1690,1604,170,162,4,256,warehouse-10-20-10-2-1-random-20.scen
20,warehouse-10-20-10-2-1.map,PIBTOLD,1,1727,1604,162,162,3,0,warehouse-10-20-10-2-1-random-20.scen
60,warehouse-10-20-10-2-1.map,PIBT,1,6061,5198,192,185,10,0,warehouse-10-20-10-2-1-random-20.scen
60,warehouse-10-20-10-2-1.map,PIBT,0,5909,5198,100000,185,3039,1,warehouse-10-20-10-2-1-random-20.scen
60,warehouse-10-20-10-2-1.map,PIBT,0,5909,5198,100000,185,2765,4,warehouse-10-20-10-2-1-random-20.scen
60,warehouse-10-20-10-2-1.map,PIBT,0,5909,5198,100000,185,2793,16,warehouse-10-20-10-2-1-random-20.scen
60,warehouse-10-20-10-2-1.map,PIBT,0,5909,5198,100000,185,2817,64,warehouse-10-20-10-2-1-random-20.scen
60,warehouse-10-20-10-2-1.map,PIBT,0,5909,5198,100000,185,2829,256,warehouse-10-20-10-2-1-random-20.scen
60,warehouse-10-20-10-2-1.map,PIBTOLD,1,6061,5198,192,185,9,0,warehouse-10-20-10-2-1-random-20.scen
100,warehouse-10-20-10-2-1.map,PIBT,0,410642,8626,100000,185,4020,0,warehouse-10-20-10-2-1-random-20.scen
100,warehouse-10-20-10-2-1.map,PIBT,0,209851,8626,100000,185,5220,1,warehouse-10-20-10-2-1-random-20.scen
100,warehouse-10-20-10-2-1.map,PIBT,0,209851,8626,100000,185,5144,4,warehouse-10-20-10-2-1-random-20.scen
100,warehouse-10-20-10-2-1.map,PIBT,0,209851,8626,100000,185,4938,16,warehouse-10-20-10-2-1-random-20.scen
100,warehouse-10-20-10-2-1.map,PIBT,0,209851,8626,100000,185,5201,64,warehouse-10-20-10-2-1-random-20.scen
100,warehouse-10-20-10-2-1.map,PIBT,0,209851,8626,100000,185,4939,256,warehouse-10-20-10-2-1-random-20.scen
100,warehouse-10-20-10-2-1.map,PIBTOLD,0,410642,8626,100000,185,2962,0,warehouse-10-20-10-2-1-random-20.scen
140,warehouse-10-20-10-2-1.map,PIBT,0,815517,12220,100000,185,5713,0,warehouse-10-20-10-2-1-random-20.scen
140,warehouse-10-20-10-2-1.map,PIBT,0,215436,12220,100000,185,7263,1,warehouse-10-20-10-2-1-random-20.scen
140,warehouse-10-20-10-2-1.map,PIBT,0,215436,12220,100000,185,7331,4,warehouse-10-20-10-2-1-random-20.scen
140,warehouse-10-20-10-2-1.map,PIBT,0,215436,12220,100000,185,7515,16,warehouse-10-20-10-2-1-random-20.scen
140,warehouse-10-20-10-2-1.map,PIBT,0,215436,12220,100000,185,7270,64,warehouse-10-20-10-2-1-random-20.scen
140,warehouse-10-20-10-2-1.map,PIBT,0,215436,12220,100000,185,7278,256,warehouse-10-20-10-2-1-random-20.scen
140,warehouse-10-20-10-2-1.map,PIBTOLD,0,815517,12220,100000,185,3781,0,warehouse-10-20-10-2-1-random-20.scen
180,warehouse-10-20-10-2-1.map,PIBT,0,920025,14852,100000,185,7790,0,warehouse-10-20-10-2-1-random-20.scen
180,warehouse-10-20-10-2-1.map,PIBT,0,419990,14852,100000,185,8476,1,warehouse-10-20-10-2-1-random-20.scen
180,warehouse-10-20-10-2-1.map,PIBT,0,419990,14852,100000,185,8380,4,warehouse-10-20-10-2-1-random-20.scen
180,warehouse-10-20-10-2-1.map,PIBT,0,419990,14852,100000,185,8525,16,warehouse-10-20-10-2-1-random-20.scen
180,warehouse-10-20-10-2-1.map,PIBT,0,419990,14852,100000,185,8541,64,warehouse-10-20-10-2-1-random-20.scen
180,warehouse-10-20-10-2-1.map,PIBT,0,419990,14852,100000,185,8422,256,warehouse-10-20-10-2-1-random-20.scen
180,warehouse-10-20-10-2-1.map,PIBTOLD,0,920025,14852,100000,185,4661,0,warehouse-10-20-10-2-1-random-20.scen
20,warehouse-10-20-10-2-1.map,PIBT,1,1727,1604,162,162,3,0,warehouse-10-20-10-2-1-random-2.scen
20,warehouse-10-20-10-2-1.map,PIBT,1,1690,1604,170,162,4,1,warehouse-10-20-10-2-1-random-2.scen
20,warehouse-10-20-10-2-1.map,PIBT,1,1690,1604,170,162,4,4,warehouse-10-20-10-2-1-random-2.scen
20,warehouse-10-20-10-2-1.map,PIBT,1,1690,1604,170,162,4,16,warehouse-10-20-10-2-1-random-2.scen
20,warehouse-10-20-10-2-1.map,PIBT,1,1690,1604,170,162,4,64,warehouse-10-20-10-2-1-random-2.scen
20,warehouse-10-20-10-2-1.map,PIBT,1,1690,1604,170,162,3,256,warehouse-10-20-10-2-1-random-2.scen
20,warehouse-10-20-10-2-1.map,PIBTOLD,1,1727,1604,162,162,3,0,warehouse-10-20-10-2-1-random-2.scen
60,warehouse-10-20-10-2-1.map,PIBT,1,6061,5198,192,185,10,0,warehouse-10-20-10-2-1-random-2.scen
60,warehouse-10-20-10-2-1.map,PIBT,0,5909,5198,100000,185,2829,1,warehouse-10-20-10-2-1-random-2.scen
60,warehouse-10-20-10-2-1.map,PIBT,0,5909,5198,100000,185,2826,4,warehouse-10-20-10-2-1-random-2.scen
60,warehouse-10-20-10-2-1.map,PIBT,0,5909,5198,100000,185,2853,16,warehouse-10-20-10-2-1-random-2.scen
60,warehouse-10-20-10-2-1.map,PIBT,0,5909,5198,100000,185,2698,64,warehouse-10-20-10-2-1-random-2.scen
60,warehouse-10-20-10-2-1.map,PIBT,0,5909,5198,100000,185,2858,256,warehouse-10-20-10-2-1-random-2.scen
60,warehouse-10-20-10-2-1.map,PIBTOLD,1,6061,5198,192,185,9,0,warehouse-10-20-10-2-1-random-2.scen
100,warehouse-10-20-10-2-1.map,PIBT,0,410642,8626,100000,185,4153,0,warehouse-10-20-10-2-1-random-2.scen
100,warehouse-10-20-10-2-1.map,PIBT,0,209851,8626,100000,185,4892,1,warehouse-10-20-10-2-1-random-2.scen
100,warehouse-10-20-10-2-1.map,PIBT,0,209851,8626,100000,185,4938,4,warehouse-10-20-10-2-1-random-2.scen
100,warehouse-10-20-10-2-1.map,PIBT,0,209851,8626,100000,185,5148,16,warehouse-10-20-10-2-1-random-2.scen
100,warehouse-10-20-10-2-1.map,PIBT,0,209851,8626,100000,185,4998,64,warehouse-10-20-10-2-1-random-2.scen
100,warehouse-10-20-10-2-1.map,PIBT,0,209851,8626,100000,185,5196,256,warehouse-10-20-10-2-1-random-2.scen
100,warehouse-10-20-10-2-1.map,PIBTOLD,0,410642,8626,100000,185,2927,0,warehouse-10-20-10-2-1-random-2.scen
140,warehouse-10-20-10-2-1.map,PIBT,0,815517,12220,100000,185,5959,0,warehouse-10-20-10-2-1-random-2.scen
140,warehouse-10-20-10-2-1.map,PIBT,0,215436,12220,100000,185,7367,1,warehouse-10-20-10-2-1-random-2.scen
140,warehouse-10-20-10-2-1.map,PIBT,0,215436,12220,100000,185,7570,4,warehouse-10-20-10-2-1-random-2.scen
140,warehouse-10-20-10-2-1.map,PIBT,0,215436,12220,100000,185,7521,16,warehouse-10-20-10-2-1-random-2.scen
140,warehouse-10-20-10-2-1.map,PIBT,0,215436,12220,100000,185,7338,64,warehouse-10-20-10-2-1-random-2.scen
140,warehouse-10-20-10-2-1.map,PIBT,0,215436,12220,100000,185,7287,256,warehouse-10-20-10-2-1-random-2.scen
140,warehouse-10-20-10-2-1.map,PIBTOLD,0,815517,12220,100000,185,3760,0,warehouse-10-20-10-2-1-random-2.scen
180,warehouse-10-20-10-2-1.map,PIBT,0,920025,14852,100000,185,7455,0,warehouse-10-20-10-2-1-random-2.scen
180,warehouse-10-20-10-2-1.map,PIBT,0,419990,14852,100000,185,8553,1,warehouse-10-20-10-2-1-random-2.scen
180,warehouse-10-20-10-2-1.map,PIBT,0,419990,14852,100000,185,8910,4,warehouse-10-20-10-2-1-random-2.scen
180,warehouse-10-20-10-2-1.map,PIBT,0,419990,14852,100000,185,8730,16,warehouse-10-20-10-2-1-random-2.scen
180,warehouse-10-20-10-2-1.map,PIBT,0,419990,14852,100000,185,8678,64,warehouse-10-20-10-2-1-random-2.scen
180,warehouse-10-20-10-2-1.map,PIBT,0,419990,14852,100000,185,8578,256,warehouse-10-20-10-2-1-random-2.scen
180,warehouse-10-20-10-2-1.map,PIBTOLD,0,920025,14852,100000,185,4801,0,warehouse-10-20-10-2-1-random-2.scen
20,warehouse-10-20-10-2-1.map,PIBT,1,1727,1604,162,162,3,0,warehouse-10-20-10-2-1-random-7.scen
20,warehouse-10-20-10-2-1.map,PIBT,1,1690,1604,170,162,4,1,warehouse-10-20-10-2-1-random-7.scen
20,warehouse-10-20-10-2-1.map,PIBT,1,1690,1604,170,162,4,4,warehouse-10-20-10-2-1-random-7.scen
20,warehouse-10-20-10-2-1.map,PIBT,1,1690,1604,170,162,3,16,warehouse-10-20-10-2-1-random-7.scen
20,warehouse-10-20-10-2-1.map,PIBT,1,1690,1604,170,162,4,64,warehouse-10-20-10-2-1-random-7.scen
20,warehouse-10-20-10-2-1.map,PIBT,1,1690,1604,170,162,3,256,warehouse-10-20-10-2-1-random-7.scen
20,warehouse-10-20-10-2-1.map,PIBTOLD,1,1727,1604,162,162,3,0,warehouse-10-20-10-2-1-random-7.scen
60,warehouse-10-20-10-2-1.map,PIBT,1,6061,5198,192,185,10,0,warehouse-10-20-10-2-1-random-7.scen
60,warehouse-10-20-10-2-1.map,PIBT,0,5909,5198,100000,185,2975,1,warehouse-10-20-10-2-1-random-7.scen
60,warehouse-10-20-10-2-1.map,PIBT,0,5909,5198,100000,185,2822,4,warehouse-10-20-10-2-1-random-7.scen
60,warehouse-10-20-10-2-1.map,PIBT,0,5909,5198,100000,185,2870,16,warehouse-10-20-10-2-1-random-7.scen
60,warehouse-10-20-10-2-1.map,PIBT,0,5909,5198,100000,185,3181,64,warehouse-10-20-10-2-1-random-7.scen
60,warehouse-10-20-10-2-1.map,PIBT,0,5909,5198,100000,185,2888,256,warehouse-10-20-10-2-1-random-7.scen
60,warehouse-10-20-10-2-1.map,PIBTOLD,1,6061,5198,192,185,9,0,warehouse-10-20-10-2-1-random-7.scen
100,warehouse-10-20-10-2-1.map,PIBT,0,410642,8626,100000,185,3990,0,warehouse-10-20-10-2-1-random-7.scen
100,warehouse-10-20-10-2-1.map,PIBT,0,209851,8626,100000,185,5097,1,warehouse-10-20-10-2-1-random-7.scen
100,warehouse-10-20-10-2-1.map,PIBT,0,209851,8626,100000,185,5083,4,warehouse-10-20-10-2-1-random-7.scen
100,warehouse-10-20-10-2-1.map,PIBT,0,209851,8626,100000,185,5130,16,warehouse-10-20-10-2-1-random-7.scen
100,warehouse-10-20-10-2-1.map,PIBT,0,209851,8626,100000,185,5048,64,warehouse-10-20-10-2-1-random-7.scen
100,warehouse-10-20-10-2-1.map,PIBT,0,209851,8626,100000,185,5013,256,warehouse-10-20-10-2-1-random-7.scen
100,warehouse-10-20-10-2-1.map,PIBTOLD,0,410642,8626,100000,185,3142,0,warehouse-10-20-10-2-1-random-7.scen
140,warehouse-10-20-10-2-1.map,PIBT,0,815517,12220,100000,185,5733,0,warehouse-10-20-10-2-1-random-7.scen
140,warehouse-10-20-10-2-1.map,PIBT,0,215436,12220,100000,185,7593,1,warehouse-10-20-10-2-1-random-7.scen
140,warehouse-10-20-10-2-1.map,PIBT,0,215436,12220,100000,185,7493,4,warehouse-10-20-10-2-1-random-7.scen
140,warehouse-10-20-10-2-1.map,PIBT,0,215436,12220,100000,185,7471,16,warehouse-10-20-10-2-1-random-7.scen
140,warehouse-10-20-10-2-1.map,PIBT,0,215436,12220,100000,185,7448,64,warehouse-10-20-10-2-1-random-7.scen
140,warehouse-10-20-10-2-1.map,PIBT,0,215436,12220,100000,185,7366,256,warehouse-10-20-10-2-1-random-7.scen
140,warehouse-10-20-10-2-1.map,PIBTOLD,0,815517,12220,100000,185,4011,0,warehouse-10-20-10-2-1-random-7.scen
180,warehouse-10-20-10-2-1.map,PIBT,0,920025,14852,100000,185,7590,0,warehouse-10-20-10-2-1-random-7.scen
180,warehouse-10-20-10-2-1.map,PIBT,0,419990,14852,100000,185,8393,1,warehouse-10-20-10-2-1-random-7.scen
180,warehouse-10-20-10-2-1.map,PIBT,0,419990,14852,100000,185,8819,4,warehouse-10-20-10-2-1-random-7.scen
180,warehouse-10-20-10-2-1.map,PIBT,0,419990,14852,100000,185,8650,16,warehouse-10-20-10-2-1-random-7.scen
180,warehouse-10-20-10-2-1.map,PIBT,0,419990,14852,100000,185,8769,64,warehouse-10-20-10-2-1-random-7.scen
180,warehouse-10-20-10-2-1.map,PIBT,0,419990,14852,100000,185,8705,256,warehouse-10-20-10-2-1-random-7.scen
180,warehouse-10-20-10-2-1.map,PIBTOLD,0,920025,14852,100000,185,4589,0,warehouse-10-20-10-2-1-random-7.scen
20,warehouse-10-20-10-2-1.map,PIBT,1,1727,1604,162,162,3,0,warehouse-10-20-10-2-1-random-6.scen
20,warehouse-10-20-10-2-1.map,PIBT,1,1690,1604,170,162,4,1,warehouse-10-20-10-2-1-random-6.scen
20,warehouse-10-20-10-2-1.map,PIBT,1,1690,1604,170,162,3,4,warehouse-10-20-10-2-1-random-6.scen
20,warehouse-10-20-10-2-1.map,PIBT,1,1690,1604,170,162,4,16,warehouse-10-20-10-2-1-random-6.scen
20,warehouse-10-20-10-2-1.map,PIBT,1,1690,1604,170,162,4,64,warehouse-10-20-10-2-1-random-6.scen
20,warehouse-10-20-10-2-1.map,PIBT,1,1690,1604,170,162,4,256,warehouse-10-20-10-2-1-random-6.scen
20,warehouse-10-20-10-2-1.map,PIBTOLD,1,1727,1604,162,162,3,0,warehouse-10-20-10-2-1-random-6.scen
60,warehouse-10-20-10-2-1.map,PIBT,1,6061,5198,192,185,10,0,warehouse-10-20-10-2-1-random-6.scen
60,warehouse-10-20-10-2-1.map,PIBT,0,5909,5198,100000,185,2824,1,warehouse-10-20-10-2-1-random-6.scen
60,warehouse-10-20-10-2-1.map,PIBT,0,5909,5198,100000,185,2813,4,warehouse-10-20-10-2-1-random-6.scen
60,warehouse-10-20-10-2-1.map,PIBT,0,5909,5198,100000,185,2713,16,warehouse-10-20-10-2-1-random-6.scen
60,warehouse-10-20-10-2-1.map,PIBT,0,5909,5198,100000,185,2756,64,warehouse-10-20-10-2-1-random-6.scen
60,warehouse-10-20-10-2-1.map,PIBT,0,5909,5198,100000,185,2718,256,warehouse-10-20-10-2-1-random-6.scen
60,warehouse-10-20-10-2-1.map,PIBTOLD,1,6061,5198,192,185,10,0,warehouse-10-20-10-2-1-random-6.scen
100,warehouse-10-20-10-2-1.map,PIBT,0,410642,8626,100000,185,4121,0,warehouse-10-20-10-2-1-random-6.scen
100,warehouse-10-20-10-2-1.map,PIBT,0,209851,8626,100000,185,4966,1,warehouse-10-20-10-2-1-random-6.scen
100,warehouse-10-20-10-2-1.map,PIBT,0,209851,8626,100000,185,5090,4,warehouse-10-20-10-2-1-random-6.scen
100,warehouse-10-20-10-2-1.map,PIBT,0,209851,8626,100000,185,4951,16,warehouse-10-20-10-2-1-random-6.scen
100,warehouse-10-20-10-2-1.map,PIBT,0,209851,8626,100000,185,5014,64,warehouse-10-20-10-2-1-random-6.scen
100,warehouse-10-20-10-2-1.map,PIBT,0,209851,8626,100000,185,5117,256,warehouse-10-20-10-2-1-random-6.scen
100,warehouse-10-20-10-2-1.map,PIBTOLD,0,410642,8626,100000,185,2991,0,warehouse-10-20-10-2-1-random-6.scen
140,warehouse-10-20-10-2-1.map,PIBT,0,815517,12220,100000,185,5815,0,warehouse-10-20-10-2-1-random-6.scen
140,warehouse-10-20-10-2-1.map,PIBT,0,215436,12220,100000,185,8491,1,warehouse-10-20-10-2-1-random-6.scen
140,warehouse-10-20-10-2-1.map,PIBT,0,215436,12220,100000,185,7328,4,warehouse-10-20-10-2-1-random-6.scen
140,warehouse-10-20-10-2-1.map,PIBT,0,215436,12220,100000,185,7452,16,warehouse-10-20-10-2-1-random-6.scen
140,warehouse-10-20-10-2-1.map,PIBT,0,215436,12220,100000,185,7310,64,warehouse-10-20-10-2-1-random-6.scen
140,warehouse-10-20-10-2-1.map,PIBT,0,215436,12220,100000,185,7253,256,warehouse-10-20-10-2-1-random-6.scen
140,warehouse-10-20-10-2-1.map,PIBTOLD,0,815517,12220,100000,185,3797,0,warehouse-10-20-10-2-1-random-6.scen
180,warehouse-10-20-10-2-1.map,PIBT,0,920025,14852,100000,185,7397,0,warehouse-10-20-10-2-1-random-6.scen
180,warehouse-10-20-10-2-1.map,PIBT,0,419990,14852,100000,185,8645,1,warehouse-10-20-10-2-1-random-6.scen
180,warehouse-10-20-10-2-1.map,PIBT,0,419990,14852,100000,185,8497,4,warehouse-10-20-10-2-1-random-6.scen
180,warehouse-10-20-10-2-1.map,PIBT,0,419990,14852,100000,185,8828,16,warehouse-10-20-10-2-1-random-6.scen
180,warehouse-10-20-10-2-1.map,PIBT,0,419990,14852,100000,185,8484,64,warehouse-10-20-10-2-1-random-6.scen
180,warehouse-10-20-10-2-1.map,PIBT,0,419990,14852,100000,185,8490,256,warehouse-10-20-10-2-1-random-6.scen
180,warehouse-10-20-10-2-1.map,PIBTOLD,0,920025,14852,100000,185,4533,0,warehouse-10-20-10-2-1-random-6.scen
20,warehouse-10-20-10-2-1.map,PIBT,1,1727,1604,162,162,3,0,warehouse-10-20-10-2-1-random-4.scen
20,warehouse-10-20-10-2-1.map,PIBT,1,1690,1604,170,162,4,1,warehouse-10-20-10-2-1-random-4.scen
20,warehouse-10-20-10-2-1.map,PIBT,1,1690,1604,170,162,4,4,warehouse-10-20-10-2-1-random-4.scen
20,warehouse-10-20-10-2-1.map,PIBT,1,1690,1604,170,162,3,16,warehouse-10-20-10-2-1-random-4.scen
20,warehouse-10-20-10-2-1.map,PIBT,1,1690,1604,170,162,4,64,warehouse-10-20-10-2-1-random-4.scen
20,warehouse-10-20-10-2-1.map,PIBT,1,1690,1604,170,162,4,256,warehouse-10-20-10-2-1-random-4.scen
20,warehouse-10-20-10-2-1.map,PIBTOLD,1,1727,1604,162,162,3,0,warehouse-10-20-10-2-1-random-4.scen
60,warehouse-10-20-10-2-1.map,PIBT,1,6061,5198,192,185,10,0,warehouse-10-20-10-2-1-random-4.scen
60,warehouse-10-20-10-2-1.map,PIBT,0,5909,5198,100000,185,2876,1,warehouse-10-20-10-2-1-random-4.scen
60,warehouse-10-20-10-2-1.map,PIBT,0,5909,5198,100000,185,2897,4,warehouse-10-20-10-2-1-random-4.scen
60,warehouse-10-20-10-2-1.map,PIBT,0,5909,5198,100000,185,2868,16,warehouse-10-20-10-2-1-random-4.scen
60,warehouse-10-20-10-2-1.map,PIBT,0,5909,5198,100000,185,2849,64,warehouse-10-20-10-2-1-random-4.scen
60,warehouse-10-20-10-2-1.map,PIBT,0,5909,5198,100000,185,2717,256,warehouse-10-20-10-2-1-random-4.scen
60,warehouse-10-20-10-2-1.map,PIBTOLD,1,6061,5198,192,185,8,0,warehouse-10-20-10-2-1-random-4.scen
100,warehouse-10-20-10-2-1.map,PIBT,0,410642,8626,100000,185,3976,0,warehouse-10-20-10-2-1-random-4.scen
100,warehouse-10-20-10-2-1.map,PIBT,0,209851,8626,100000,185,4972,1,warehouse-10-20-10-2-1-random-4.scen
100,warehouse-10-20-10-2-1.map,PIBT,0,209851,8626,100000,185,4975,4,warehouse-10-20-10-2-1-random-4.scen
100,warehouse-10-20-10-2-1.map,PIBT,0,209851,8626,100000,185,4930,16,warehouse-10-20-10-2-1-random-4.scen
100,warehouse-10-20-10-2-1.map,PIBT,0,209851,8626,100000,185,4916,64,warehouse-10-20-10-2-1-random-4.scen
100,warehouse-10-20-10-2-1.map,PIBT,0,209851,8626,100000,185,4973,256,warehouse-10-20-10-2-1-random-4.scen
100,warehouse-10-20-10-2-1.map,PIBTOLD,0,410642,8626,100000,185,2905,0,warehouse-10-20-10-2-1-random-4.scen
140,warehouse-10-20-10-2-1.map,PIBT,0,815517,12220,100000,185,5705,0,warehouse-10-20-10-2-1-random-4.scen
140,warehouse-10-20-10-2-1.map,PIBT,0,215436,12220,100000,185,7178,1,warehouse-10-20-10-2-1-random-4.scen
140,warehouse-10-20-10-2-1.map,PIBT,0,215436,12220,100000,185,7272,4,warehouse-10-20-10-2-1-random-4.scen
140,warehouse-10-20-10-2-1.map,PIBT,0,215436,12220,100000,185,7288,16,warehouse-10-20-10-2-1-random-4.scen
140,warehouse-10-20-10-2-1.map,PIBT,0,215436,12220,100000,185,7260,64,warehouse-10-20-10-2-1-random-4.scen
140,warehouse-10-20-10-2-1.map,PIBT,0,215436,12220,100000,185,7350,256,warehouse-10-20-10-2-1-random-4.scen
140,warehouse-10-20-10-2-1.map,PIBTOLD,0,815517,12220,100000,185,3881,0,warehouse-10-20-10-2-1-random-4.scen
180,warehouse-10-20-10-2-1.map,PIBT,0,920025,14852,100000,185,7486,0,warehouse-10-20-10-2-1-random-4.scen
180,warehouse-10-20-10-2-1.map,PIBT,0,419990,14852,100000,185,8626,1,warehouse-10-20-10-2-1-random-4.scen
180,warehouse-10-20-10-2-1.map,PIBT,0,419990,14852,100000,185,8588,4,warehouse-10-20-10-2-1-random-4.scen
180,warehouse-10-20-10-2-1.map,PIBT,0,419990,14852,100000,185,8521,16,warehouse-10-20-10-2-1-random-4.scen
180,warehouse-10-20-10-2-1.map,PIBT,0,419990,14852,100000,185,8592,64,warehouse-10-20-10-2-1-random-4.scen
180,warehouse-10-20-10-2-1.map,PIBT,0,419990,14852,100000,185,8512,256,warehouse-10-20-10-2-1-random-4.scen
180,warehouse-10-20-10-2-1.map,PIBTOLD,0,920025,14852,100000,185,4719,0,warehouse-10-20-10-2-1-random-4.scen
20,warehouse-10-20-10-2-1.map,PIBT,1,1727,1604,162,162,4,0,warehouse-10-20-10-2-1-random-8.scen
20,warehouse-10-20-10-2-1.map,PIBT,1,1690,1604,170,162,4,1,warehouse-10-20-10-2-1-random-8.scen
20,warehouse-10-20-10-2-1.map,PIBT,1,1690,1604,170,162,4,4,warehouse-10-20-10-2-1-random-8.scen
20,warehouse-10-20-10-2-1.map,PIBT,1,1690,1604,170,162,4,16,warehouse-10-20-10-2-1-random-8.scen
20,warehouse-10-20-10-2-1.map,PIBT,1,1690,1604,170,162,4,64,warehouse-10-20-10-2-1-random-8.scen
20,warehouse-10-20-10-2-1.map,PIBT,1,1690,1604,170,162,4,256,warehouse-10-20-10-2-1-random-8.scen
20,warehouse-10-20-10-2-1.map,PIBTOLD,1,1727,1604,162,162,3,0,warehouse-10-20-10-2-1-random-8.scen
60,warehouse-10-20-10-2-1.map,PIBT,1,6061,5198,192,185,10,0,warehouse-10-20-10-2-1-random-8.scen
60,warehouse-10-20-10-2-1.map,PIBT,0,5909,5198,100000,185,2774,1,warehouse-10-20-10-2-1-random-8.scen
60,warehouse-10-20-10-2-1.map,PIBT,0,5909,5198,100000,185,2775,4,warehouse-10-20-10-2-1-random-8.scen
60,warehouse-10-20-10-2-1.map,PIBT,0,5909,5198,100000,185,2786,16,warehouse-10-20-10-2-1-random-8.scen
60,warehouse-10-20-10-2-1.map,PIBT,0,5909,5198,100000,185,2766,64,warehouse-10-20-10-2-1-random-8.scen
60,warehouse-10-20-10-2-1.map,PIBT,0,5909,5198,100000,185,2747,256,warehouse-10-20-10-2-1-random-8.scen
60,warehouse-10-20-10-2-1.map,PIBTOLD,1,6061,5198,192,185,10,0,warehouse-10-20-10-2-1-random-8.scen
100,warehouse-10-20-10-2-1.map,PIBT,0,410642,8626,100000,185,3989,0,warehouse-10-20-10-2-1-random-8.scen
100,warehouse-10-20-10-2-1.map,PIBT,0,209851,8626,100000,185,4983,1,warehouse-10-20-10-2-1-random-8.scen
100,warehouse-10-20-10-2-1.map,PIBT,0,209851,8626,100000,185,4969,4,warehouse-10-20-10-2-1-random-8.scen
100,warehouse-10-20-10-2-1.map,PIBT,0,209851,8626,100000,185,4962,16,warehouse-10-20-10-2-1-random-8.scen
100,warehouse-10-20-10-2-1.map,PIBT,0,209851,8626,100000,185,4958,64,warehouse-10-20-10-2-1-random-8.scen
100,warehouse-10-20-10-2-1.map,PIBT,0,209851,8626,100000,185,4945,256,warehouse-10-20-10-2-1-random-8.scen
100,warehouse-10-20-10-2-1.map,PIBTOLD,0,410642,8626,100000,185,3028,0,warehouse-10-20-10-2-1-random-8.scen
140,warehouse-10-20-10-2-1.map,PIBT,0,815517,12220,100000,185,5692,0,warehouse-10-20-10-2-1-random-8.scen
140,warehouse-10-20-10-2-1.map,PIBT,0,215436,12220,100000,185,7313,1,warehouse-10-20-10-2-1-random-8.scen
140,warehouse-10-20-10-2-1.map,PIBT,0,215436,12220,100000,185,7280,4,warehouse-10-20-10-2-1-random-8.scen
140,warehouse-10-20-10-2-1.map,PIBT,0,215436,12220,100000,185,7330,16,warehouse-10-20-10-2-1-random-8.scen
140,warehouse-10-20-10-2-1.map,PIBT,0,215436,12220,100000,185,7269,64,warehouse-10-20-10-2-1-random-8.scen
140,warehouse-10-20-10-2-1.map,PIBT,0,215436,12220,100000,185,7346,256,warehouse-10-20-10-2-1-random-8.scen
140,warehouse-10-20-10-2-1.map,PIBTOLD,0,815517,12220,100000,185,3820,0,warehouse-10-20-10-2-1-random-8.scen
180,warehouse-10-20-10-2-1.map,PIBT,0,920025,14852,100000,185,7627,0,warehouse-10-20-10-2-1-random-8.scen
180,warehouse-10-20-10-2-1.map,PIBT,0,419990,14852,100000,185,8409,1,warehouse-10-20-10-2-1-random-8.scen
180,warehouse-10-20-10-2-1.map,PIBT,0,419990,14852,100000,185,8491,4,warehouse-10-20-10-2-1-random-8.scen
180,warehouse-10-20-10-2-1.map,PIBT,0,419990,14852,100000,185,8430,16,warehouse-10-20-10-2-1-random-8.scen
180,warehouse-10-20-10-2-1.map,PIBT,0,419990,14852,100000,185,8447,64,warehouse-10-20-10-2-1-random-8.scen
180,warehouse-10-20-10-2-1.map,PIBT,0,419990,14852,100000,185,8529,256,warehouse-10-20-10-2-1-random-8.scen
180,warehouse-10-20-10-2-1.map,PIBTOLD,0,920025,14852,100000,185,4594,0,warehouse-10-20-10-2-1-random-8.scen
20,warehouse-10-20-10-2-1.map,PIBT,1,1727,1604,162,162,4,0,warehouse-10-20-10-2-1-random-3.scen
20,warehouse-10-20-10-2-1.map,PIBT,1,1690,1604,170,162,4,1,warehouse-10-20-10-2-1-random-3.scen
20,warehouse-10-20-10-2-1.map,PIBT,1,1690,1604,170,162,4,4,warehouse-10-20-10-2-1-random-3.scen
20,warehouse-10-20-10-2-1.map,PIBT,1,1690,1604,170,162,4,16,warehouse-10-20-10-2-1-random-3.scen
20,warehouse-10-20-10-2-1.map,PIBT,1,1690,1604,170,162,4,64,warehouse-10-20-10-2-1-random-3.scen
20,warehouse-10-20-10-2-1.map,PIBT,1,1690,1604,170,162,4,256,warehouse-10-20-10-2-1-random-3.scen
20,warehouse-10-20-10-2-1.map,PIBTOLD,1,1727,1604,162,162,3,0,warehouse-10-20-10-2-1-random-3.scen
60,warehouse-10-20-10-2-1.map,PIBT,1,6061,5198,192,185,11,0,warehouse-10-20-10-2-1-random-3.scen
60,warehouse-10-20-10-2-1.map,PIBT,0,5909,5198,100000,185,2822,1,warehouse-10-20-10-2-1-random-3.scen
60,warehouse-10-20-10-2-1.map,PIBT,0,5909,5198,100000,185,2723,4,warehouse-10-20-10-2-1-random-3.scen
60,warehouse-10-20-10-2-1.map,PIBT,0,5909,5198,100000,185,2855,16,warehouse-10-20-10-2-1-random-3.scen
60,warehouse-10-20-10-2-1.map,PIBT,0,5909,5198,100000,185,2850,64,warehouse-10-20-10-2-1-random-3.scen
60,warehouse-10-20-10-2-1.map,PIBT,0,5909,5198,100000,185,2839,256,warehouse-10-20-10-2-1-random-3.scen
60,warehouse-10-20-10-2-1.map,PIBTOLD,1,6061,5198,192,185,10,0,warehouse-10-20-10-2-1-random-3.scen
100,warehouse-10-20-10-2-1.map,PIBT,0,410642,8626,100000,185,3950,0,warehouse-10-20-10-2-1-random-3.scen
100,warehouse-10-20-10-2-1.map,PIBT,0,209851,8626,100000,185,5017,1,warehouse-10-20-10-2-1-random-3.scen
100,warehouse-10-20-10-2-1.map,PIBT,0,209851,8626,100000,185,5046,4,warehouse-10-20-10-2-1-random-3.scen
100,warehouse-10-20-10-2-1.map,PIBT,0,209851,8626,100000,185,4910,16,warehouse-10-20-10-2-1-random-3.scen
100,warehouse-10-20-10-2-1.map,PIBT,0,209851,8626,100000,185,4981,64,warehouse-10-20-10-2-1-random-3.scen
100,warehouse-10-20-10-2-1.map,PIBT,0,209851,8626,100000,185,4912,256,warehouse-10-20-10-2-1-random-3.scen
100,warehouse-10-20-10-2-1.map,PIBTOLD,0,410642,8626,100000,185,3113,0,warehouse-10-20-10-2-1-random-3.scen
140,warehouse-10-20-10-2-1.map,PIBT,0,815517,12220,100000,185,5652,0,warehouse-10-20-10-2-1-random-3.scen
140,warehouse-10-20-10-2-1.map,PIBT,0,215436,12220,100000,185,7291,1,warehouse-10-20-10-2-1-random-3.scen
140,warehouse-10-20-10-2-1.map,PIBT,0,215436,12220,100000,185,7304,4,warehouse-10-20-10-2-1-random-3.scen
140,warehouse-10-20-10-2-1.map,PIBT,0,215436,12220,100000,185,7271,16,warehouse-10-20-10-2-1-random-3.scen
140,warehouse-10-20-10-2-1.map,PIBT,0,215436,12220,100000,185,7325,64,warehouse-10-20-10-2-1-random-3.scen
140,warehouse-10-20-10-2-1.map,PIBT,0,215436,12220,100000,185,7232,256,warehouse-10-20-10-2-1-random-3.scen
140,warehouse-10-20-10-2-1.map,PIBTOLD,0,815517,12220,100000,185,3857,0,warehouse-10-20-10-2-1-random-3.scen
180,warehouse-10-20-10-2-1.map,PIBT,0,920025,14852,100000,185,7556,0,warehouse-10-20-10-2-1-random-3.scen
180,warehouse-10-20-10-2-1.map,PIBT,0,419990,14852,100000,185,8573,1,warehouse-10-20-10-2-1-random-3.scen
180,warehouse-10-20-10-2-1.map,PIBT,0,419990,14852,100000,185,8822,4,warehouse-10-20-10-2-1-random-3.scen
180,warehouse-10-20-10-2-1.map,PIBT,0,419990,14852,100000,185,8687,16,warehouse-10-20-10-2-1-random-3.scen
180,warehouse-10-20-10-2-1.map,PIBT,0,419990,14852,100000,185,8704,64,warehouse-10-20-10-2-1-random-3.scen
180,warehouse-10-20-10-2-1.map,PIBT,0,419990,14852,100000,185,8670,256,warehouse-10-20-10-2-1-random-3.scen
180,warehouse-10-20-10-2-1.map,PIBTOLD,0,920025,14852,100000,185,4865,0,warehouse-10-20-10-2-1-random-3.scen
20,warehouse-10-20-10-2-1.map,PIBT,1,1727,1604,162,162,3,0,warehouse-10-20-10-2-1-random-5.scen
20,warehouse-10-20-10-2-1.map,PIBT,1,1690,1604,170,162,4,1,warehouse-10-20-10-2-1-random-5.scen
20,warehouse-10-20-10-2-1.map,PIBT,1,1690,1604,170,162,4,4,warehouse-10-20-10-2-1-random-5.scen
20,warehouse-10-20-10-2-1.map,PIBT,1,1690,1604,170,162,4,16,warehouse-10-20-10-2-1-random-5.scen
20,warehouse-10-20-10-2-1.map,PIBT,1,1690,1604,170,162,3,64,warehouse-10-20-10-2-1-random-5.scen
20,warehouse-10-20-10-2-1.map,PIBT,1,1690,1604,170,162,3,256,warehouse-10-20-10-2-1-random-5.scen
20,warehouse-10-20-10-2-1.map,PIBTOLD,1,1727,1604,162,162,3,0,warehouse-10-20-10-2-1-random-5.scen
60,warehouse-10-20-10-2-1.map,PIBT,1,6061,5198,192,185,10,0,warehouse-10-20-10-2-1-random-5.scen
60,warehouse-10-20-10-2-1.map,PIBT,0,5909,5198,100000,185,2852,1,warehouse-10-20-10-2-1-random-5.scen
60,warehouse-10-20-10-2-1.map,PIBT,0,5909,5198,100000,185,2857,4,warehouse-10-20-10-2-1-random-5.scen
60,warehouse-10-20-10-2-1.map,PIBT,0,5909,5198,100000,185,2965,16,warehouse-10-20-10-2-1-random-5.scen
60,warehouse-10-20-10-2-1.map,PIBT,0,5909,5198,100000,185,2828,64,warehouse-10-20-10-2-1-random-5.scen
60,warehouse-10-20-10-2-1.map,PIBT,0,5909,5198,100000,185,2763,256,warehouse-10-20-10-2-1-random-5.scen
60,warehouse-10-20-10-2-1.map,PIBTOLD,1,6061,5198,192,185,9,0,warehouse-10-20-10-2-1-random-5.scen
100,warehouse-10-20-10-2-1.map,PIBT,0,410642,8626,100000,185,3907,0,warehouse-10-20-10-2-1-random-5.scen
100,warehouse-10-20-10-2-1.map,PIBT,0,209851,8626,100000,185,5152,1,warehouse-10-20-10-2-1-random-5.scen
100,warehouse-10-20-10-2-1.map,PIBT,0,209851,8626,100000,185,5104,4,warehouse-10-20-10-2-1-random-5.scen
100,warehouse-10-20-10-2-1.map,PIBT,0,209851,8626,100000,185,4950,16,warehouse-10-20-10-2-1-random-5.scen
100,warehouse-10-20-10-2-1.map,PIBT,0,209851,8626,100000,185,4971,64,warehouse-10-20-10-2-1-random-5.scen
100,warehouse-10-20-10-2-1.map,PIBT,0,209851,8626,100000,185,4988,256,warehouse-10-20-10-2-1-random-5.scen
100,warehouse-10-20-10-2-1.map,PIBTOLD,0,410642,8626,100000,185,3051,0,warehouse-10-20-10-2-1-random-5.scen
140,warehouse-10-20-10-2-1.map,PIBT,0,815517,12220,100000,185,5840,0,warehouse-10-20-10-2-1-random-5.scen
140,warehouse-10-20-10-2-1.map,PIBT,0,215436,12220,100000,185,7305,1,warehouse-10-20-10-2-1-random-5.scen
140,warehouse-10-20-10-2-1.map,PIBT,0,215436,12220,100000,185,7237,4,warehouse-10-20-10-2-1-random-5.scen
140,warehouse-10-20-10-2-1.map,PIBT,0,215436,12220,100000,185,8477,16,warehouse-10-20-10-2-1-random-5.scen
140,warehouse-10-20-10-2-1.map,PIBT,0,215436,12220,100000,185,7738,64,warehouse-10-20-10-2-1-random-5.scen
140,warehouse-10-20-10-2-1.map,PIBT,0,215436,12220,100000,185,7431,256,warehouse-10-20-10-2-1-random-5.scen
140,warehouse-10-20-10-2-1.map,PIBTOLD,0,815517,12220,100000,185,3866,0,warehouse-10-20-10-2-1-random-5.scen
180,warehouse-10-20-10-2-1.map,PIBT,0,920025,14852,100000,185,7458,0,warehouse-10-20-10-2-1-random-5.scen
180,warehouse-10-20-10-2-1.map,PIBT,0,419990,14852,100000,185,8522,1,warehouse-10-20-10-2-1-random-5.scen
180,warehouse-10-20-10-2-1.map,PIBT,0,419990,14852,100000,185,8679,4,warehouse-10-20-10-2-1-random-5.scen
180,warehouse-10-20-10-2-1.map,PIBT,0,419990,14852,100000,185,8589,16,warehouse-10-20-10-2-1-random-5.scen
180,warehouse-10-20-10-2-1.map,PIBT,0,419990,14852,100000,185,8461,64,warehouse-10-20-10-2-1-random-5.scen
180,warehouse-10-20-10-2-1.map,PIBT,0,419990,14852,100000,185,8489,256,warehouse-10-20-10-2-1-random-5.scen
180,warehouse-10-20-10-2-1.map,PIBTOLD,0,920025,14852,100000,185,4711,0,warehouse-10-20-10-2-1-random-5.scen
20,warehouse-10-20-10-2-1.map,PIBT,1,1727,1604,162,162,3,0,warehouse-10-20-10-2-1-random-23.scen
20,warehouse-10-20-10-2-1.map,PIBT,1,1690,1604,170,162,4,1,warehouse-10-20-10-2-1-random-23.scen
20,warehouse-10-20-10-2-1.map,PIBT,1,1690,1604,170,162,4,4,warehouse-10-20-10-2-1-random-23.scen
20,warehouse-10-20-10-2-1.map,PIBT,1,1690,1604,170,162,4,16,warehouse-10-20-10-2-1-random-23.scen
20,warehouse-10-20-10-2-1.map,PIBT,1,1690,1604,170,162,4,64,warehouse-10-20-10-2-1-random-23.scen
20,warehouse-10-20-10-2-1.map,PIBT,1,1690,1604,170,162,4,256,warehouse-10-20-10-2-1-random-23.scen
20,warehouse-10-20-10-2-1.map,PIBTOLD,1,1727,1604,162,162,3,0,warehouse-10-20-10-2-1-random-23.scen
60,warehouse-10-20-10-2-1.map,PIBT,1,6061,5198,192,185,10,0,warehouse-10-20-10-2-1-random-23.scen
60,warehouse-10-20-10-2-1.map,PIBT,0,5909,5198,100000,185,2875,1,warehouse-10-20-10-2-1-random-23.scen
60,warehouse-10-20-10-2-1.map,PIBT,0,5909,5198,100000,185,2911,4,warehouse-10-20-10-2-1-random-23.scen
60,warehouse-10-20-10-2-1.map,PIBT,0,5909,5198,100000,185,5507,16,warehouse-10-20-10-2-1-random-23.scen
60,warehouse-10-20-10-2-1.map,PIBT,0,5909,5198,100000,185,2844,64,warehouse-10-20-10-2-1-random-23.scen
60,warehouse-10-20-10-2-1.map,PIBT,0,5909,5198,100000,185,2791,256,warehouse-10-20-10-2-1-random-23.scen
60,warehouse-10-20-10-2-1.map,PIBTOLD,1,6061,5198,192,185,10,0,warehouse-10-20-10-2-1-random-23.scen
100,warehouse-10-20-10-2-1.map,PIBT,0,410642,8626,100000,185,4031,0,warehouse-10-20-10-2-1-random-23.scen
100,warehouse-10-20-10-2-1.map,PIBT,0,209851,8626,100000,185,5031,1,warehouse-10-20-10-2-1-random-23.scen
100,warehouse-10-20-10-2-1.map,PIBT,0,209851,8626,100000,185,5012,4,warehouse-10-20-10-2-1-random-23.scen
100,warehouse-10-20-10-2-1.map,PIBT,0,209851,8626,100000,185,4960,16,warehouse-10-20-10-2-1-random-23.scen
100,warehouse-10-20-10-2-1.map,PIBT,0,209851,8626,100000,185,5032,64,warehouse-10-20-10-2-1-random-23.scen
100,warehouse-10-20-10-2-1.map,PIBT,0,209851,8626,100000,185,4977,256,warehouse-10-20-10-2-1-random-23.scen
100,warehouse-10-20-10-2-1.map,PIBTOLD,0,410642,8626,100000,185,2979,0,warehouse-10-20-10-2-1-random-23.scen
140,warehouse-10-20-10-2-1.map,PIBT,0,815517,12220,100000,185,5735,0,warehouse-10-20-10-2-1-random-23.scen
140,warehouse-10-20-10-2-1.map,PIBT,0,215436,12220,100000,185,7227,1,warehouse-10-20-10-2-1-random-23.scen
140,warehouse-10-20-10-2-1.map,PIBT,0,215436,12220,100000,185,7377,4,warehouse-10-20-10-2-1-random-23.scen
140,warehouse-10-20-10-2-1.map,PIBT,0,215436,12220,100000,185,7620,16,warehouse-10-20-10-2-1-random-23.scen
140,warehouse-10-20-10-2-1.map,PIBT,0,215436,12220,100000,185,7228,64,warehouse-10-20-10-2-1-random-23.scen
140,warehouse-10-20-10-2-1.map,PIBT,0,215436,12220,100000,185,7366,256,warehouse-10-20-10-2-1-random-23.scen
140,warehouse-10-20-10-2-1.map,PIBTOLD,0,815517,12220,100000,185,3795,0,warehouse-10-20-10-2-1-random-23.scen
180,warehouse-10-20-10-2-1.map,PIBT,0,920025,14852,100000,185,7596,0,warehouse-10-20-10-2-1-random-23.scen
180,warehouse-10-20-10-2-1.map,PIBT,0,419990,14852,100000,185,8505,1,warehouse-10-20-10-2-1-random-23.scen
180,warehouse-10-20-10-2-1.map,PIBT,0,419990,14852,100000,185,8505,4,warehouse-10-20-10-2-1-random-23.scen
180,warehouse-10-20-10-2-1.map,PIBT,0,419990,14852,100000,185,8653,16,warehouse-10-20-10-2-1-random-23.scen
180,warehouse-10-20-10-2-1.map,PIBT,0,419990,14852,100000,185,8507,64,warehouse-10-20-10-2-1-random-23.scen
180,warehouse-10-20-10-2-1.map,PIBT,0,419990,14852,100000,185,8980,256,warehouse-10-20-10-2-1-random-23.scen
180,warehouse-10-20-10-2-1.map,PIBTOLD,0,920025,14852,100000,185,4673,0,warehouse-10-20-10-2-1-random-23.scen
20,warehouse-10-20-10-2-1.map,PIBT,1,1727,1604,162,162,4,0,warehouse-10-20-10-2-1-random-11.scen
20,warehouse-10-20-10-2-1.map,PIBT,1,1690,1604,170,162,4,1,warehouse-10-20-10-2-1-random-11.scen
20,warehouse-10-20-10-2-1.map,PIBT,1,1690,1604,170,162,4,4,warehouse-10-20-10-2-1-random-11.scen
20,warehouse-10-20-10-2-1.map,PIBT,1,1690,1604,170,162,3,16,warehouse-10-20-10-2-1-random-11.scen
20,warehouse-10-20-10-2-1.map,PIBT,1,1690,1604,170,162,4,64,warehouse-10-20-10-2-1-random-11.scen
20,warehouse-10-20-10-2-1.map,PIBT,1,1690,1604,170,162,4,256,warehouse-10-20-10-2-1-random-11.scen
20,warehouse-10-20-10-2-1.map,PIBTOLD,1,1727,1604,162,162,3,0,warehouse-10-20-10-2-1-random-11.scen
60,warehouse-10-20-10-2-1.map,PIBT,1,6061,5198,192,185,9,0,warehouse-10-20-10-2-1-random-11.scen
60,warehouse-10-20-10-2-1.map,PIBT,0,5909,5198,100000,185,2814,1,warehouse-10-20-10-2-1-random-11.scen
60,warehouse-10-20-10-2-1.map,PIBT,0,5909,5198,100000,185,2842,4,warehouse-10-20-10-2-1-random-11.scen
60,warehouse-10-20-10-2-1.map,PIBT,0,5909,5198,100000,185,2878,16,warehouse-10-20-10-2-1-random-11.scen
60,warehouse-10-20-10-2-1.map,PIBT,0,5909,5198,100000,185,2866,64,warehouse-10-20-10-2-1-random-11.scen
60,warehouse-10-20-10-2-1.map,PIBT,0,5909,5198,100000,185,2826,256,warehouse-10-20-10-2-1-random-11.scen
60,warehouse-10-20-10-2-1.map,PIBTOLD,1,6061,5198,192,185,9,0,warehouse-10-20-10-2-1-random-11.scen
100,warehouse-10-20-10-2-1.map,PIBT,0,410642,8626,100000,185,3951,0,warehouse-10-20-10-2-1-random-11.scen
100,warehouse-10-20-10-2-1.map,PIBT,0,209851,8626,100000,185,4949,1,warehouse-10-20-10-2-1-random-11.scen
100,warehouse-10-20-10-2-1.map,PIBT,0,209851,8626,100000,185,5030,4,warehouse-10-20-10-2-1-random-11.scen
100,warehouse-10-20-10-2-1.map,PIBT,0,209851,8626,100000,185,4972,16,warehouse-10-20-10-2-1-random-11.scen
100,warehouse-10-20-10-2-1.map,PIBT,0,209851,8626,100000,185,4975,64,warehouse-10-20-10-2-1-random-11.scen
100,warehouse-10-20-10-2-1.map,PIBT,0,209851,8626,100000,185,4918,256,warehouse-10-20-10-2-1-random-11.scen
100,warehouse-10-20-10-2-1.map,PIBTOLD,0,410642,8626,100000,185,3062,0,warehouse-10-20-10-2-1-random-11.scen
140,warehouse-10-20-10-2-1.map,PIBT,0,815517,12220,100000,185,5747,0,warehouse-10-20-10-2-1-random-11.scen
140,warehouse-10-20-10-2-1.map,PIBT,0,215436,12220,100000,185,7364,1,warehouse-10-20-10-2-1-random-11.scen
140,warehouse-10-20-10-2-1.map,PIBT,0,215436,12220,100000,185,7320,4,warehouse-10-20-10-2-1-random-11.scen
140,warehouse-10-20-10-2-1.map,PIBT,0,215436,12220,100000,185,7266,16,warehouse-10-20-10-2-1-random-11.scen
140,warehouse-10-20-10-2-1.map,PIBT,0,215436,12220,100000,185,7307,64,warehouse-10-20-10-2-1-random-11.scen
140,warehouse-10-20-10-2-1.map,PIBT,0,215436,12220,100000,185,7392,256,warehouse-10-20-10-2-1-random-11.scen
140,warehouse-10-20-10-2-1.map,PIBTOLD,0,815517,12220,100000,185,3799,0,warehouse-10-20-10-2-1-random-11.scen
180,warehouse-10-20-10-2-1.map,PIBT,0,920025,14852,100000,185,7421,0,warehouse-10-20-10-2-1-random-11.scen
180,warehouse-10-20-10-2-1.map,PIBT,0,419990,14852,100000,185,8605,1,warehouse-10-20-10-2-1-random-11.scen
180,warehouse-10-20-10-2-1.map,PIBT,0,419990,14852,100000,185,8392,4,warehouse-10-20-10-2-1-random-11.scen
180,warehouse-10-20-10-2-1.map,PIBT,0,419990,14852,100000,185,8450,16,warehouse-10-20-10-2-1-random-11.scen
180,warehouse-10-20-10-2-1.map,PIBT,0,419990,14852,100000,185,8976,64,warehouse-10-20-10-2-1-random-11.scen
180,warehouse-10-20-10-2-1.map,PIBT,0,419990,14852,100000,185,8473,256,warehouse-10-20-10-2-1-random-11.scen
180,warehouse-10-20-10-2-1.map,PIBTOLD,0,920025,14852,100000,185,4613,0,warehouse-10-20-10-2-1-random-11.scen
20,warehouse-10-20-10-2-1.map,PIBT,1,1727,1604,162,162,3,0,warehouse-10-20-10-2-1-random-18.scen
20,warehouse-10-20-10-2-1.map,PIBT,1,1690,1604,170,162,4,1,warehouse-10-20-10-2-1-random-18.scen
20,warehouse-10-20-10-2-1.map,PIBT,1,1690,1604,170,162,3,4,warehouse-10-20-10-2-1-random-18.scen
20,warehouse-10-20-10-2-1.map,PIBT,1,1690,1604,170,162,3,16,warehouse-10-20-10-2-1-random-18.scen
20,warehouse-10-20-10-2-1.map,PIBT,1,1690,1604,170,162,4,64,warehouse-10-20-10-2-1-random-18.scen
20,warehouse-10-20-10-2-1.map,PIBT,1,1690,1604,170,162,4,256,warehouse-10-20-10-2-1-random-18.scen
20,warehouse-10-20-10-2-1.map,PIBTOLD,1,1727,1604,162,162,3,0,warehouse-10-20-10-2-1-random-18.scen
60,warehouse-10-20-10-2-1.map,PIBT,1,6061,5198,192,185,10,0,warehouse-10-20-10-2-1-random-18.scen
60,warehouse-10-20-10-2-1.map,PIBT,0,5909,5198,100000,185,2764,1,warehouse-10-20-10-2-1-random-18.scen
60,warehouse-10-20-10-2-1.map,PIBT,0,5909,5198,100000,185,2802,4,warehouse-10-20-10-2-1-random-18.scen
60,warehouse-10-20-10-2-1.map,PIBT,0,5909,5198,100000,185,2792,16,warehouse-10-20-10-2-1-random-18.scen
60,warehouse-10-20-10-2-1.map,PIBT,0,5909,5198,100000,185,2821,64,warehouse-10-20-10-2-1-random-18.scen
60,warehouse-10-20-10-2-1.map,PIBT,0,5909,5198,100000,185,2830,256,warehouse-10-20-10-2-1-random-18.scen
60,warehouse-10-20-10-2-1.map,PIBTOLD,1,6061,5198,192,185,9,0,warehouse-10-20-10-2-1-random-18.scen
100,warehouse-10-20-10-2-1.map,PIBT,0,410642,8626,100000,185,3966,0,warehouse-10-20-10-2-1-random-18.scen
100,warehouse-10-20-10-2-1.map,PIBT,0,209851,8626,100000,185,5086,1,warehouse-10-20-10-2-1-random-18.scen
100,warehouse-10-20-10-2-1.map,PIBT,0,209851,8626,100000,185,4888,4,warehouse-10-20-10-2-1-random-18.scen
100,warehouse-10-20-10-2-1.map,PIBT,0,209851,8626,100000,185,4947,16,warehouse-10-20-10-2-1-random-18.scen
100,warehouse-10-20-10-2-1.map,PIBT,0,209851,8626,100000,185,4988,64,warehouse-10-20-10-2-1-random-18.scen
100,warehouse-10-20-10-2-1.map,PIBT,0,209851,8626,100000,185,4987,256,warehouse-10-20-10-2-1-random-18.scen
100,warehouse-10-20-10-2-1.map,PIBTOLD,0,410642,8626,100000,185,2896,0,warehouse-10-20-10-2-1-random-18.scen
140,warehouse-10-20-10-2-1.map,PIBT,0,815517,12220,100000,185,5634,0,warehouse-10-20-10-2-1-random-18.scen
140,warehouse-10-20-10-2-1.map,PIBT,0,215436,12220,100000,185,7290,1,warehouse-10-20-10-2-1-random-18.scen
140,warehouse-10-20-10-2-1.map,PIBT,0,215436,12220,100000,185,7482,4,warehouse-10-20-10-2-1-random-18.scen
140,warehouse-10-20-10-2-1.map,PIBT,0,215436,12220,100000,185,7468,16,warehouse-10-20-10-2-1-random-18.scen
140,warehouse-10-20-10-2-1.map,PIBT,0,215436,12220,100000,185,7795,64,warehouse-10-20-10-2-1-random-18.scen
140,warehouse-10-20-10-2-1.map,PIBT,0,215436,12220,100000,185,7459,256,warehouse-10-20-10-2-1-random-18.scen
140,warehouse-10-20-10-2-1.map,PIBTOLD,0,815517,12220,100000,185,4069,0,warehouse-10-20-10-2-1-random-18.scen
180,warehouse-10-20-10-2-1.map,PIBT,0,920025,14852,100000,185,7436,0,warehouse-10-20-10-2-1-random-18.scen
180,warehouse-10-20-10-2-1.map,PIBT,0,419990,14852,100000,185,8983,1,warehouse-10-20-10-2-1-random-18.scen
180,warehouse-10-20-10-2-1.map,PIBT,0,419990,14852,100000,185,8389,4,warehouse-10-20-10-2-1-random-18.scen
180,warehouse-10-20-10-2-1.map,PIBT,0,419990,14852,100000,185,8781,16,warehouse-10-20-10-2-1-random-18.scen
180,warehouse-10-20-10-2-1.map,PIBT,0,419990,14852,100000,185,8494,64,warehouse-10-20-10-2-1-random-18.scen
180,warehouse-10-20-10-2-1.map,PIBT,0,419990,14852,100000,185,8414,256,warehouse-10-20-10-2-1-random-18.scen
180,warehouse-10-20-10-2-1.map,PIBTOLD,0,920025,14852,100000,185,4664,0,warehouse-10-20-10-2-1-random-18.scen
20,warehouse-10-20-10-2-1.map,PIBT,1,1727,1604,162,162,3,0,warehouse-10-20-10-2-1-random-25.scen
20,warehouse-10-20-10-2-1.map,PIBT,1,1690,1604,170,162,5,1,warehouse-10-20-10-2-1-random-25.scen
20,warehouse-10-20-10-2-1.map,PIBT,1,1690,1604,170,162,3,4,warehouse-10-20-10-2-1-random-25.scen
20,warehouse-10-20-10-2-1.map,PIBT,1,1690,1604,170,162,4,16,warehouse-10-20-10-2-1-random-25.scen
20,warehouse-10-20-10-2-1.map,PIBT,1,1690,1604,170,162,5,64,warehouse-10-20-10-2-1-random-25.scen
20,warehouse-10-20-10-2-1.map,PIBT,1,1690,1604,170,162,3,256,warehouse-10-20-10-2-1-random-25.scen
20,warehouse-10-20-10-2-1.map,PIBTOLD,1,1727,1604,162,162,4,0,warehouse-10-20-10-2-1-random-25.scen
60,warehouse-10-20-10-2-1.map,PIBT,1,6061,5198,192,185,10,0,warehouse-10-20-10-2-1-random-25.scen
60,warehouse-10-20-10-2-1.map,PIBT,0,5909,5198,100000,185,2773,1,warehouse-10-20-10-2-1-random-25.scen
60,warehouse-10-20-10-2-1.map,PIBT,0,5909,5198,100000,185,3068,4,warehouse-10-20-10-2-1-random-25.scen
60,warehouse-10-20-10-2-1.map,PIBT,0,5909,5198,100000,185,2810,16,warehouse-10-20-10-2-1-random-25.scen
60,warehouse-10-20-10-2-1.map,PIBT,0,5909,5198,100000,185,2946,64,warehouse-10-20-10-2-1-random-25.scen
60,warehouse-10-20-10-2-1.map,PIBT,0,5909,5198,100000,185,2837,256,warehouse-10-20-10-2-1-random-25.scen
60,warehouse-10-20-10-2-1.map,PIBTOLD,1,6061,5198,192,185,9,0,warehouse-10-20-10-2-1-random-25.scen
100,warehouse-10-20-10-2-1.map,PIBT,0,410642,8626,100000,185,4023,0,warehouse-10-20-10-2-1-random-25.scen
100,warehouse-10-20-10-2-1.map,PIBT,0,209851,8626,100000,185,5065,1,warehouse-10-20-10-2-1-random-25.scen
100,warehouse-10-20-10-2-1.map,PIBT,0,209851,8626,100000,185,4988,4,warehouse-10-20-10-2-1-random-25.scen
100,warehouse-10-20-10-2-1.map,PIBT,0,209851,8626,100000,185,5059,16,warehouse-10-20-10-2-1-random-25.scen
100,warehouse-10-20-10-2-1.map,PIBT,0,209851,8626,100000,185,5000,64,warehouse-10-20-10-2-1-random-25.scen
100,warehouse-10-20-10-2-1.map,PIBT,0,209851,8626,100000,185,5047,256,warehouse-10-20-10-2-1-random-25.scen
100,warehouse-10-20-10-2-1.map,PIBTOLD,0,410642,8626,100000,185,3018,0,warehouse-10-20-10-2-1-random-25.scen
140,warehouse-10-20-10-2-1.map,PIBT,0,815517,12220,100000,185,5706,0,warehouse-10-20-10-2-1-random-25.scen
140,warehouse-10-20-10-2-1.map,PIBT,0,215436,12220,100000,185,7353,1,warehouse-10-20-10-2-1-random-25.scen
140,warehouse-10-20-10-2-1.map,PIBT,0,215436,12220,100000,185,7348,4,warehouse-10-20-10-2-1-random-25.scen
140,warehouse-10-20-10-2-1.map,PIBT,0,215436,12220,100000,185,7387,16,warehouse-10-20-10-2-1-random-25.scen
140,warehouse-10-20-10-2-1.map,PIBT,0,215436,12220,100000,185,7208,64,warehouse-10-20-10-2-1-random-25.scen
140,warehouse-10-20-10-2-1.map,PIBT,0,215436,12220,100000,185,7379,256,warehouse-10-20-10-2-1-random-25.scen
140,warehouse-10-20-10-2-1.map,PIBTOLD,0,815517,12220,100000,185,3855,0,warehouse-10-20-10-2-1-random-25.scen
180,warehouse-10-20-10-2-1.map,PIBT,0,920025,14852,100000,185,7467,0,warehouse-10-20-10-2-1-random-25.scen
180,warehouse-10-20-10-2-1.map,PIBT,0,419990,14852,100000,185,8579,1,warehouse-10-20-10-2-1-random-25.scen
180,warehouse-10-20-10-2-1.map,PIBT,0,419990,14852,100000,185,8736,4,warehouse-10-20-10-2-1-random-25.scen
180,warehouse-10-20-10-2-1.map,PIBT,0,419990,14852,100000,185,8600,16,warehouse-10-20-10-2-1-random-25.scen
180,warehouse-10-20-10-2-1.map,PIBT,0,419990,14852,100000,185,8366,64,warehouse-10-20-10-2-1-random-25.scen
180,warehouse-10-20-10-2-1.map,PIBT,0,419990,14852,100000,185,8473,256,warehouse-10-20-10-2-1-random-25.scen
180,warehouse-10-20-10-2-1.map,PIBTOLD,0,920025,14852,100000,185,4977,0,warehouse-10-20-10-2-1-random-25.scen
20,warehouse-10-20-10-2-1.map,PIBT,1,1727,1604,162,162,4,0,warehouse-10-20-10-2-1-random-19.scen
20,warehouse-10-20-10-2-1.map,PIBT,1,1690,1604,170,162,4,1,warehouse-10-20-10-2-1-random-19.scen
20,warehouse-10-20-10-2-1.map,PIBT,1,1690,1604,170,162,4,4,warehouse-10-20-10-2-1-random-19.scen
20,warehouse-10-20-10-2-1.map,PIBT,1,1690,1604,170,162,5,16,warehouse-10-20-10-2-1-random-19.scen
20,warehouse-10-20-10-2-1.map,PIBT,1,1690,1604,170,162,4,64,warehouse-10-20-10-2-1-random-19.scen
20,warehouse-10-20-10-2-1.map,PIBT,1,1690,1604,170,162,4,256,warehouse-10-20-10-2-1-random-19.scen
20,warehouse-10-20-10-2-1.map,PIBTOLD,1,1727,1604,162,162,3,0,warehouse-10-20-10-2-1-random-19.scen
60,warehouse-10-20-10-2-1.map,PIBT,1,6061,5198,192,185,10,0,warehouse-10-20-10-2-1-random-19.scen
60,warehouse-10-20-10-2-1.map,PIBT,0,5909,5198,100000,185,2740,1,warehouse-10-20-10-2-1-random-19.scen
60,warehouse-10-20-10-2-1.map,PIBT,0,5909,5198,100000,185,2864,4,warehouse-10-20-10-2-1-random-19.scen
60,warehouse-10-20-10-2-1.map,PIBT,0,5909,5198,100000,185,2764,16,warehouse-10-20-10-2-1-random-19.scen
60,warehouse-10-20-10-2-1.map,PIBT,0,5909,5198,100000,185,2752,64,warehouse-10-20-10-2-1-random-19.scen
60,warehouse-10-20-10-2-1.map,PIBT,0,5909,5198,100000,185,2833,256,warehouse-10-20-10-2-1-random-19.scen
60,warehouse-10-20-10-2-1.map,PIBTOLD,1,6061,5198,192,185,9,0,warehouse-10-20-10-2-1-random-19.scen
100,warehouse-10-20-10-2-1.map,PIBT,0,410642,8626,100000,185,3977,0,warehouse-10-20-10-2-1-random-19.scen
100,warehouse-10-20-10-2-1.map,PIBT,0,209851,8626,100000,185,5004,1,warehouse-10-20-10-2-1-random-19.scen
100,warehouse-10-20-10-2-1.map,PIBT,0,209851,8626,100000,185,5013,4,warehouse-10-20-10-2-1-random-19.scen
100,warehouse-10-20-10-2-1.map,PIBT,0,209851,8626,100000,185,5010,16,warehouse-10-20-10-2-1-random-19.scen
100,warehouse-10-20-10-2-1.map,PIBT,0,209851,8626,100000,185,5025,64,warehouse-10-20-10-2-1-random-19.scen
100,warehouse-10-20-10-2-1.map,PIBT,0,209851,8626,100000,185,4935,256,warehouse-10-20-10-2-1-random-19.scen
100,warehouse-10-20-10-2-1.map,PIBTOLD,0,410642,8626,100000,185,3044,0,warehouse-10-20-10-2-1-random-19.scen
140,warehouse-10-20-10-2-1.map,PIBT,0,815517,12220,100000,185,5645,0,warehouse-10-20-10-2-1-random-19.scen
140,warehouse-10-20-10-2-1.map,PIBT,0,215436,12220,100000,185,7269,1,warehouse-10-20-10-2-1-random-19.scen
140,warehouse-10-20-10-2-1.map,PIBT,0,215436,12220,100000,185,7269,4,warehouse-10-20-10-2-1-random-19.scen
140,warehouse-10-20-10-2-1.map,PIBT,0,215436,12220,100000,185,7329,16,warehouse-10-20-10-2-1-random-19.scen
140,warehouse-10-20-10-2-1.map,PIBT,0,215436,12220,100000,185,7488,64,warehouse-10-20-10-2-1-random-19.scen
140,warehouse-10-20-10-2-1.map,PIBT,0,215436,12220,100000,185,7292,256,warehouse-10-20-10-2-1-random-19.scen
140,warehouse-10-20-10-2-1.map,PIBTOLD,0,815517,12220,100000,185,3872,0,warehouse-10-20-10-2-1-random-19.scen
180,warehouse-10-20-10-2-1.map,PIBT,0,920025,14852,100000,185,7528,0,warehouse-10-20-10-2-1-random-19.scen
180,warehouse-10-20-10-2-1.map,PIBT,0,419990,14852,100000,185,8422,1,warehouse-10-20-10-2-1-random-19.scen
180,warehouse-10-20-10-2-1.map,PIBT,0,419990,14852,100000,185,8565,4,warehouse-10-20-10-2-1-random-19.scen
180,warehouse-10-20-10-2-1.map,PIBT,0,419990,14852,100000,185,8419,16,warehouse-10-20-10-2-1-random-19.scen
180,warehouse-10-20-10-2-1.map,PIBT,0,419990,14852,100000,185,8378,64,warehouse-10-20-10-2-1-random-19.scen
180,warehouse-10-20-10-2-1.map,PIBT,0,419990,14852,100000,185,8566,256,warehouse-10-20-10-2-1-random-19.scen
180,warehouse-10-20-10-2-1.map,PIBTOLD,0,920025,14852,100000,185,4841,0,warehouse-10-20-10-2-1-random-19.scen
20,warehouse-10-20-10-2-1.map,PIBT,1,1727,1604,162,162,3,0,warehouse-10-20-10-2-1-random-1.scen
20,warehouse-10-20-10-2-1.map,PIBT,1,1690,1604,170,162,4,1,warehouse-10-20-10-2-1-random-1.scen
20,warehouse-10-20-10-2-1.map,PIBT,1,1690,1604,170,162,3,4,warehouse-10-20-10-2-1-random-1.scen
20,warehouse-10-20-10-2-1.map,PIBT,1,1690,1604,170,162,5,16,warehouse-10-20-10-2-1-random-1.scen
20,warehouse-10-20-10-2-1.map,PIBT,1,1690,1604,170,162,4,64,warehouse-10-20-10-2-1-random-1.scen
20,warehouse-10-20-10-2-1.map,PIBT,1,1690,1604,170,162,3,256,warehouse-10-20-10-2-1-random-1.scen
20,warehouse-10-20-10-2-1.map,PIBTOLD,1,1727,1604,162,162,3,0,warehouse-10-20-10-2-1-random-1.scen
60,warehouse-10-20-10-2-1.map,PIBT,1,6061,5198,192,185,11,0,warehouse-10-20-10-2-1-random-1.scen
60,warehouse-10-20-10-2-1.map,PIBT,0,5909,5198,100000,185,2914,1,warehouse-10-20-10-2-1-random-1.scen
60,warehouse-10-20-10-2-1.map,PIBT,0,5909,5198,100000,185,2793,4,warehouse-10-20-10-2-1-random-1.scen
60,warehouse-10-20-10-2-1.map,PIBT,0,5909,5198,100000,185,2841,16,warehouse-10-20-10-2-1-random-1.scen
60,warehouse-10-20-10-2-1.map,PIBT,0,5909,5198,100000,185,2839,64,warehouse-10-20-10-2-1-random-1.scen
60,warehouse-10-20-10-2-1.map,PIBT,0,5909,5198,100000,185,2762,256,warehouse-10-20-10-2-1-random-1.scen
60,warehouse-10-20-10-2-1.map,PIBTOLD,1,6061,5198,192,185,9,0,warehouse-10-20-10-2-1-random-1.scen
100,warehouse-10-20-10-2-1.map,PIBT,0,410642,8626,100000,185,4026,0,warehouse-10-20-10-2-1-random-1.scen
100,warehouse-10-20-10-2-1.map,PIBT,0,209851,8626,100000,185,4996,1,warehouse-10-20-10-2-1-random-1.scen
100,warehouse-10-20-10-2-1.map,PIBT,0,209851,8626,100000,185,4974,4,warehouse-10-20-10-2-1-random-1.scen
100,warehouse-10-20-10-2-1.map,PIBT,0,209851,8626,100000,185,4894,16,warehouse-10-20-10-2-1-random-1.scen
100,warehouse-10-20-10-2-1.map,PIBT,0,209851,8626,100000,185,5297,64,warehouse-10-20-10-2-1-random-1.scen
100,warehouse-10-20-10-2-1.map,PIBT,0,209851,8626,100000,185,4931,256,warehouse-10-20-10-2-1-random-1.scen
100,warehouse-10-20-10-2-1.map,PIBTOLD,0,410642,8626,100000,185,3005,0,warehouse-10-20-10-2-1-random-1.scen
140,warehouse-10-20-10-2-1.map,PIBT,0,815517,12220,100000,185,5784,0,warehouse-10-20-10-2-1-random-1.scen
140,warehouse-10-20-10-2-1.map,PIBT,0,215436,12220,100000,185,7311,1,warehouse-10-20-10-2-1-random-1.scen
140,warehouse-10-20-10-2-1.map,PIBT,0,215436,12220,100000,185,7321,4,warehouse-10-20-10-2-1-random-1.scen
140,warehouse-10-20-10-2-1.map,PIBT,0,215436,12220,100000,185,7391,16,warehouse-10-20-10-2-1-random-1.scen
140,warehouse-10-20-10-2-1.map,PIBT,0,215436,12220,100000,185,7251,64,warehouse-10-20-10-2-1-random-1.scen
140,warehouse-10-20-10-2-1.map,PIBT,0,215436,12220,100000,185,7333,256,warehouse-10-20-10-2-1-random-1.scen
140,warehouse-10-20-10-2-1.map,PIBTOLD,0,815517,12220,100000,185,3906,0,warehouse-10-20-10-2-1-random-1.scen
180,warehouse-10-20-10-2-1.map,PIBT,0,920025,14852,100000,185,7562,0,warehouse-10-20-10-2-1-random-1.scen
180,warehouse-10-20-10-2-1.map,PIBT,0,419990,14852,100000,185,8481,1,warehouse-10-20-10-2-1-random-1.scen
180,warehouse-10-20-10-2-1.map,PIBT,0,419990,14852,100000,185,8536,4,warehouse-10-20-10-2-1-random-1.scen
180,warehouse-10-20-10-2-1.map,PIBT,0,419990,14852,100000,185,8884,16,warehouse-10-20-10-2-1-random-1.scen
180,warehouse-10-20-10-2-1.map,PIBT,0,419990,14852,100000,185,8516,64,warehouse-10-20-10-2-1-random-1.scen
180,warehouse-10-20-10-2-1.map,PIBT,0,419990,14852,100000,185,8592,256,warehouse-10-20-10-2-1-random-1.scen
180,warehouse-10-20-10-2-1.map,PIBTOLD,0,920025,14852,100000,185,4777,0,warehouse-10-20-10-2-1-random-1.scen
20,warehouse-10-20-10-2-1.map,PIBT,1,1727,1604,162,162,4,0,warehouse-10-20-10-2-1-random-10.scen
20,warehouse-10-20-10-2-1.map,PIBT,1,1690,1604,170,162,4,1,warehouse-10-20-10-2-1-random-10.scen
20,warehouse-10-20-10-2-1.map,PIBT,1,1690,1604,170,162,4,4,warehouse-10-20-10-2-1-random-10.scen
20,warehouse-10-20-10-2-1.map,PIBT,1,1690,1604,170,162,3,16,warehouse-10-20-10-2-1-random-10.scen
20,warehouse-10-20-10-2-1.map,PIBT,1,1690,1604,170,162,4,64,warehouse-10-20-10-2-1-random-10.scen
20,warehouse-10-20-10-2-1.map,PIBT,1,1690,1604,170,162,4,256,warehouse-10-20-10-2-1-random-10.scen
20,warehouse-10-20-10-2-1.map,PIBTOLD,1,1727,1604,162,162,3,0,warehouse-10-20-10-2-1-random-10.scen
60,warehouse-10-20-10-2-1.map,PIBT,1,6061,5198,192,185,10,0,warehouse-10-20-10-2-1-random-10.scen
60,warehouse-10-20-10-2-1.map,PIBT,0,59419,5198,100000,185,2899,1,warehouse-10-20-10-2-1-random-10.scen
60,warehouse-10-20-10-2-1.map,PIBT,0,5909,5198,100000,185,2811,4,warehouse-10-20-10-2-1-random-10.scen
60,warehouse-10-20-10-2-1.map,PIBT,0,5909,5198,100000,185,2831,16,warehouse-10-20-10-2-1-random-10.scen
60,warehouse-10-20-10-2-1.map,PIBT,0,5909,5198,100000,185,2860,64,warehouse-10-20-10-2-1-random-10.scen
60,warehouse-10-20-10-2-1.map,PIBT,0,5909,5198,100000,185,2863,256,warehouse-10-20-10-2-1-random-10.scen
60,warehouse-10-20-10-2-1.map,PIBTOLD,1,6061,5198,192,185,10,0,warehouse-10-20-10-2-1-random-10.scen
100,warehouse-10-20-10-2-1.map,PIBT,0,410642,8626,100000,185,4076,0,warehouse-10-20-10-2-1-random-10.scen
100,warehouse-10-20-10-2-1.map,PIBT,0,209851,8626,100000,185,4919,1,warehouse-10-20-10-2-1-random-10.scen
100,warehouse-10-20-10-2-1.map,PIBT,0,209851,8626,100000,185,4982,4,warehouse-10-20-10-2-1-random-10.scen
100,warehouse-10-20-10-2-1.map,PIBT,0,209851,8626,100000,185,4969,16,warehouse-10-20-10-2-1-random-10.scen
100,warehouse-10-20-10-2-1.map,PIBT,0,209851,8626,100000,185,4941,64,warehouse-10-20-10-2-1-random-10.scen
100,warehouse-10-20-10-2-1.map,PIBT,0,209851,8626,100000,185,5429,256,warehouse-10-20-10-2-1-random-10.scen
100,warehouse-10-20-10-2-1.map,PIBTOLD,0,410642,8626,100000,185,3060,0,warehouse-10-20-10-2-1-random-10.scen
140,warehouse-10-20-10-2-1.map,PIBT,0,815517,12220,100000,185,5653,0,warehouse-10-20-10-2-1-random-10.scen
140,warehouse-10-20-10-2-1.map,PIBT,0,215436,12220,100000,185,7291,1,warehouse-10-20-10-2-1-random-10.scen
140,warehouse-10-20-10-2-1.map,PIBT,0,215436,12220,100000,185,7328,4,warehouse-10-20-10-2-1-random-10.scen
140,warehouse-10-20-10-2-1.map,PIBT,0,215436,12220,100000,185,7323,16,warehouse-10-20-10-2-1-random-10.scen
140,warehouse-10-20-10-2-1.map,PIBT,0,215436,12220,100000,185,7283,64,warehouse-10-20-10-2-1-random-10.scen
140,warehouse-10-20-10-2-1.map,PIBT,0,215436,12220,100000,185,7325,256,warehouse-10-20-10-2-1-random-10.scen
140,warehouse-10-20-10-2-1.map,PIBTOLD,0,815517,12220,100000,185,3808,0,warehouse-10-20-10-2-1-random-10.scen
180,warehouse-10-20-10-2-1.map,PIBT,0,920025,14852,100000,185,7439,0,warehouse-10-20-10-2-1-random-10.scen
180,warehouse-10-20-10-2-1.map,PIBT,0,419990,14852,100000,185,8553,1,warehouse-10-20-10-2-1-random-10.scen
180,warehouse-10-20-10-2-1.map,PIBT,0,419990,14852,100000,185,8434,4,warehouse-10-20-10-2-1-random-10.scen
180,warehouse-10-20-10-2-1.map,PIBT,0,419990,14852,100000,185,8413,16,warehouse-10-20-10-2-1-random-10.scen
180,warehouse-10-20-10-2-1.map,PIBT,0,419990,14852,100000,185,8572,64,warehouse-10-20-10-2-1-random-10.scen
180,warehouse-10-20-10-2-1.map,PIBT,0,419990,14852,100000,185,8593,256,warehouse-10-20-10-2-1-random-10.scen
180,warehouse-10-20-10-2-1.map,PIBTOLD,0,920025,14852,100000,185,4712,0,warehouse-10-20-10-2-1-random-10.scen
